track,detector,scenario,kind,reference,supported,threshold,n,fp_rate,fp_ci95_low,fp_ci95_high,ref_fp_rate,fp_inflation,early_alarm_rate,recall,recall_ci95_low,recall_ci95_high,ref_recall,recall_retention,exact_match_rate,mean_iou,latency_median,ref_latency_median,latency_delta,change
frame,oes32,clean,background,,True,0.4543122464068098,1000,0.0,0.0,0.003826758486,,,,,,,,,,,,,,
frame,oes32-robust,clean,background,,True,1.7501923560089419,1000,0.0,0.0,0.003826758486,,,,,,,,,,,,,,
frame,zscore,clean,background,,True,1.2258043531485228,1000,0.0,0.0,0.003826758486,,,,,,,,,,,,,,
frame,oes32,clean_burst,event,,True,0.4543122464068098,1000,,,,,,0.0,0.561,0.530066327608,0.591466807857,,,0.561,0.561,0.0,,,
frame,oes32-robust,clean_burst,event,,True,1.7501923560089419,1000,,,,,,0.0,0.82,0.794977767098,0.842573107471,,,0.82,0.82,0.0,,,
frame,zscore,clean_burst,event,,True,1.2258043531485228,1000,,,,,,0.0,0.657,0.627027021378,0.685771376457,,,0.657,0.657,0.0,,,
frame,oes32,heavy_tail,background,clean,True,0.4543122464068098,1000,0.034,0.024431348663,0.047135190245,0.0,0.034,,,,,,,,,,,,worse
frame,oes32-robust,heavy_tail,background,clean,True,1.7501923560089419,1000,0.007,0.003394868401,0.014378315466,0.0,0.007,,,,,,,,,,,,n.s.
frame,zscore,heavy_tail,background,clean,True,1.2258043531485228,1000,0.003,0.001020783881,0.008783014054,0.0,0.003,,,,,,,,,,,,n.s.
frame,oes32,heavy_tail_burst,event,clean_burst,True,0.4543122464068098,1000,,,,,,0.0,0.553,0.522040371302,0.583553992299,0.561,0.985739750446,0.533,0.543,0.0,0.0,0.0,n.s.
frame,oes32-robust,heavy_tail_burst,event,clean_burst,True,1.7501923560089419,1000,,,,,,0.0,0.828,0.803366048543,0.85012359789,0.82,1.009756097561,0.825,0.8265,0.0,0.0,0.0,n.s.
frame,zscore,heavy_tail_burst,event,clean_burst,True,1.2258043531485228,1000,,,,,,0.0,0.658,0.628043643124,0.686747101195,0.657,1.001522070015,0.658,0.658,0.0,0.0,0.0,n.s.
frame,oes32,dropout,background,clean,True,0.4543122464068098,1000,0.0,0.0,0.003826758486,0.0,0.0,,,,,,,,,,,,n.s.
frame,oes32-robust,dropout,background,clean,True,1.7501923560089419,1000,0.0,0.0,0.003826758486,0.0,0.0,,,,,,,,,,,,n.s.
frame,zscore,dropout,background,clean,True,1.2258043531485228,1000,0.0,0.0,0.003826758486,0.0,0.0,,,,,,,,,,,,n.s.
frame,oes32,dropout_burst,event,clean_burst,True,0.4543122464068098,1000,,,,,,0.0,0.526,0.495011790612,0.556789217947,0.561,0.9376114082,0.526,0.526,0.0,0.0,0.0,n.s.
frame,oes32-robust,dropout_burst,event,clean_burst,True,1.7501923560089419,1000,,,,,,0.0,0.773,0.746021214134,0.797889375733,0.82,0.942682926829,0.773,0.773,0.0,0.0,0.0,n.s.
frame,zscore,dropout_burst,event,clean_burst,True,1.2258043531485228,1000,,,,,,0.0,0.647,0.616868671444,0.676006261561,0.657,0.984779299848,0.647,0.647,0.0,0.0,0.0,n.s.
frame,oes32,saturated,background,clean,True,0.4543122464068098,1000,0.0,0.0,0.003826758486,0.0,0.0,,,,,,,,,,,,n.s.
frame,oes32-robust,saturated,background,clean,True,1.7501923560089419,1000,0.022,0.014572707765,0.033085673347,0.0,0.022,,,,,,,,,,,,worse
frame,zscore,saturated,background,clean,True,1.2258043531485228,1000,0.0,0.0,0.003826758486,0.0,0.0,,,,,,,,,,,,n.s.
frame,oes32,clipped_burst,event,clean_burst,True,0.4543122464068098,1000,,,,,,0.0,0.264,0.237619968236,0.292186261769,0.561,0.470588235294,0.264,0.264,0.0,0.0,0.0,worse
frame,oes32-robust,clipped_burst,event,clean_burst,True,1.7501923560089419,1000,,,,,,0.0,0.781,0.754318407106,0.805530954625,0.82,0.95243902439,0.781,0.781,0.0,0.0,0.0,n.s.
frame,zscore,clipped_burst,event,clean_burst,True,1.2258043531485228,1000,,,,,,0.0,0.602,0.571327194132,0.631892147137,0.657,0.916286149163,0.602,0.602,0.0,0.0,0.0,n.s.
frame,oes32,narrow_burst,event,clean_burst,True,0.4543122464068098,1000,,,,,,0.0,0.013,0.007612820389,0.022114442376,0.561,0.023172905526,0.013,0.013,0.0,0.0,0.0,worse
frame,oes32-robust,narrow_burst,event,clean_burst,True,1.7501923560089419,1000,,,,,,0.0,0.005,0.002137535527,0.011650955373,0.82,0.006097560976,0.005,0.005,0.0,0.0,0.0,worse
frame,zscore,narrow_burst,event,clean_burst,True,1.2258043531485228,1000,,,,,,0.0,0.0,0.0,0.003826758486,0.657,0.0,0.0,0.0,,0.0,,worse
frame,oes32,cross_block_burst,event,clean_burst,True,0.4543122464068098,1000,,,,,,0.0,0.116,0.09760567704,0.137333273477,0.561,0.206773618538,0.003,0.0595,0.0,0.0,0.0,worse
frame,oes32-robust,cross_block_burst,event,clean_burst,True,1.7501923560089419,1000,,,,,,0.0,0.206,0.182081391133,0.232168742857,0.82,0.251219512195,0.015,0.1105,0.0,0.0,0.0,worse
frame,zscore,cross_block_burst,event,clean_burst,True,1.2258043531485228,1000,,,,,,0.0,0.002,0.000548643588,0.007262807863,0.657,0.00304414003,0.0,0.001,0.0,0.0,0.0,worse
frame,oes32,global_shift,background,clean,True,0.4543122464068098,1000,0.0,0.0,0.003826758486,0.0,0.0,,,,,,,,,,,,n.s.
frame,oes32-robust,global_shift,background,clean,True,1.7501923560089419,1000,0.0,0.0,0.003826758486,0.0,0.0,,,,,,,,,,,,n.s.
frame,zscore,global_shift,background,clean,True,1.2258043531485228,1000,0.0,0.0,0.003826758486,0.0,0.0,,,,,,,,,,,,n.s.
frame,oes32,global_shift_burst,event,clean_burst,True,0.4543122464068098,1000,,,,,,0.0,1.0,0.996173241514,1.0,0.561,1.782531194296,1.0,1.0,0.0,0.0,0.0,better
frame,oes32-robust,global_shift_burst,event,clean_burst,True,1.7501923560089419,1000,,,,,,0.0,1.0,0.996173241514,1.0,0.82,1.219512195122,1.0,1.0,0.0,0.0,0.0,better
frame,zscore,global_shift_burst,event,clean_burst,True,1.2258043531485228,1000,,,,,,0.0,1.0,0.996173241514,1.0,0.657,1.522070015221,1.0,1.0,0.0,0.0,0.0,better
frame,oes32,correlated_burst,event,clean_burst,True,0.4543122464068098,1000,,,,,,0.0,0.162,0.140464111848,0.186122776888,0.561,0.288770053476,0.116,0.137333333333,0.0,0.0,0.0,worse
frame,oes32-robust,correlated_burst,event,clean_burst,True,1.7501923560089419,1000,,,,,,0.0,0.291,0.263689782704,0.319909802343,0.82,0.35487804878,0.22,0.256,0.0,0.0,0.0,worse
frame,zscore,correlated_burst,event,clean_burst,True,1.2258043531485228,1000,,,,,,0.0,0.454,0.423376303825,0.484975757956,0.657,0.69101978691,0.386,0.421333333333,0.0,0.0,0.0,worse
stream,oes32,clean,background,,True,0.49166045306926986,1000,0.0,0.0,0.003826758486,,,,,,,,,,,,,,
stream,oes32-robust,clean,background,,True,1.8699426534859687,1000,0.0,0.0,0.003826758486,,,,,,,,,,,,,,
stream,zscore,clean,background,,True,1.3483092923957776,1000,0.0,0.0,0.003826758486,,,,,,,,,,,,,,
stream,ewma,clean,background,,True,5.348866340890248,1000,0.009,0.004742060667,0.017015816165,,,,,,,,,,,,,,
stream,cusum,clean,background,,True,25.889763997753136,1000,0.007,0.003394868401,0.014378315466,,,,,,,,,,,,,,
stream,cusum-cp,clean,background,,True,26.492775136412163,1000,0.006,0.002752669142,0.013028168242,,,,,,,,,,,,,,
stream,oes32+ewma,clean,background,,True,1.0204860019341657,1000,0.009,0.004742060667,0.017015816165,,,,,,,,,,,,,,
stream,oes32,clean_burst,event,,True,0.49166045306926986,1000,,,,,,0.0,0.997,0.991216985946,0.998979216119,,,0.997,0.997,2.0,,,
stream,oes32-robust,clean_burst,event,,True,1.8699426534859687,1000,,,,,,0.0,1.0,0.996173241514,1.0,,,1.0,1.0,0.0,,,
stream,zscore,clean_burst,event,,True,1.3483092923957776,1000,,,,,,0.0,1.0,0.996173241514,1.0,,,1.0,1.0,1.0,,,
stream,ewma,clean_burst,event,,True,5.348866340890248,1000,,,,,,0.004,1.0,0.996173241514,1.0,,,1.0,1.0,0.0,,,
stream,cusum,clean_burst,event,,True,25.889763997753136,1000,,,,,,0.0,1.0,0.996173241514,1.0,,,1.0,1.0,0.0,,,
stream,cusum-cp,clean_burst,event,,True,26.492775136412163,1000,,,,,,0.0,1.0,0.996173241514,1.0,,,1.0,1.0,0.0,,,
stream,oes32+ewma,clean_burst,event,,True,1.0204860019341657,1000,,,,,,0.002,1.0,0.996173241514,1.0,,,1.0,1.0,0.0,,,
stream,oes32,heavy_tail,background,clean,True,0.49166045306926986,1000,0.81,0.784516679803,0.833110729936,0.0,0.81,,,,,,,,,,,,worse
stream,oes32-robust,heavy_tail,background,clean,True,1.8699426534859687,1000,0.262,0.235693931579,0.29012760546,0.0,0.262,,,,,,,,,,,,worse
stream,zscore,heavy_tail,background,clean,True,1.3483092923957776,1000,0.176,0.153649424658,0.200830314841,0.0,0.176,,,,,,,,,,,,worse
stream,ewma,heavy_tail,background,clean,True,5.348866340890248,1000,0.142,0.121734042055,0.165005917021,0.009,0.133,,,,,,,,,,,,worse
stream,cusum,heavy_tail,background,clean,True,25.889763997753136,1000,0.012,0.006877647806,0.020857268475,0.007,0.005,,,,,,,,,,,,n.s.
stream,cusum-cp,heavy_tail,background,clean,True,26.492775136412163,1000,0.014,0.00835757513,0.023362034118,0.006,0.008,,,,,,,,,,,,n.s.
stream,oes32+ewma,heavy_tail,background,clean,True,1.0204860019341657,1000,0.796,0.769913574239,0.819820984738,0.009,0.787,,,,,,,,,,,,worse
stream,oes32,heavy_tail_burst,event,clean_burst,True,0.49166045306926986,1000,,,,,,0.472,0.996,0.989760443723,0.99844341186,0.997,0.998996990973,0.899,0.906833333333,2.0,2.0,0.0,n.s.
stream,oes32-robust,heavy_tail_burst,event,clean_burst,True,1.8699426534859687,1000,,,,,,0.105,1.0,0.996173241514,1.0,1.0,1.0,0.987,0.9915,0.0,0.0,0.0,n.s.
stream,zscore,heavy_tail_burst,event,clean_burst,True,1.3483092923957776,1000,,,,,,0.067,0.998,0.992737192137,0.999451356412,1.0,0.998,0.984,0.987,1.0,1.0,0.0,n.s.
stream,ewma,heavy_tail_burst,event,clean_burst,True,5.348866340890248,1000,,,,,,0.054,1.0,0.996173241514,1.0,1.0,1.0,0.99,0.995,0.0,0.0,0.0,n.s.
stream,cusum,heavy_tail_burst,event,clean_burst,True,25.889763997753136,1000,,,,,,0.0,1.0,0.996173241514,1.0,1.0,1.0,1.0,1.0,0.0,0.0,0.0,n.s.
stream,cusum-cp,heavy_tail_burst,event,clean_burst,True,26.492775136412163,1000,,,,,,0.0,0.998,0.992737192137,0.999451356412,1.0,0.998,0.997,0.9975,0.0,0.0,0.0,n.s.
stream,oes32+ewma,heavy_tail_burst,event,clean_burst,True,1.0204860019341657,1000,,,,,,0.459,1.0,0.996173241514,1.0,1.0,1.0,0.969,0.984166666667,0.0,0.0,0.0,n.s.
stream,oes32,dropout,background,clean,True,0.49166045306926986,1000,0.0,0.0,0.003826758486,0.0,0.0,,,,,,,,,,,,n.s.
stream,oes32-robust,dropout,background,clean,True,1.8699426534859687,1000,0.0,0.0,0.003826758486,0.0,0.0,,,,,,,,,,,,n.s.
stream,zscore,dropout,background,clean,True,1.3483092923957776,1000,0.0,0.0,0.003826758486,0.0,0.0,,,,,,,,,,,,n.s.
stream,ewma,dropout,background,clean,True,5.348866340890248,1000,0.011,0.006153174098,0.019589395701,0.009,0.002,,,,,,,,,,,,n.s.
stream,cusum,dropout,background,clean,True,25.889763997753136,1000,0.009,0.004742060667,0.017015816165,0.007,0.002,,,,,,,,,,,,n.s.
stream,cusum-cp,dropout,background,clean,True,26.492775136412163,1000,0.008,0.004059195819,0.015706334531,0.006,0.002,,,,,,,,,,,,n.s.
stream,oes32+ewma,dropout,background,clean,True,1.0204860019341657,1000,0.008,0.004059195819,0.015706334531,0.009,-0.001,,,,,,,,,,,,n.s.
stream,oes32,dropout_burst,event,clean_burst,True,0.49166045306926986,1000,,,,,,0.0,1.0,0.996173241514,1.0,0.997,1.003009027081,1.0,1.0,3.0,2.0,1.0,n.s.
stream,oes32-robust,dropout_burst,event,clean_burst,True,1.8699426534859687,1000,,,,,,0.0,1.0,0.996173241514,1.0,1.0,1.0,1.0,1.0,0.0,0.0,0.0,n.s.
stream,zscore,dropout_burst,event,clean_burst,True,1.3483092923957776,1000,,,,,,0.0,1.0,0.996173241514,1.0,1.0,1.0,1.0,1.0,1.0,1.0,0.0,n.s.
stream,ewma,dropout_burst,event,clean_burst,True,5.348866340890248,1000,,,,,,0.004,1.0,0.996173241514,1.0,1.0,1.0,1.0,1.0,0.0,0.0,0.0,n.s.
stream,cusum,dropout_burst,event,clean_burst,True,25.889763997753136,1000,,,,,,0.0,1.0,0.996173241514,1.0,1.0,1.0,1.0,1.0,0.0,0.0,0.0,n.s.
stream,cusum-cp,dropout_burst,event,clean_burst,True,26.492775136412163,1000,,,,,,0.0,1.0,0.996173241514,1.0,1.0,1.0,1.0,1.0,0.0,0.0,0.0,n.s.
stream,oes32+ewma,dropout_burst,event,clean_burst,True,1.0204860019341657,1000,,,,,,0.003,1.0,0.996173241514,1.0,1.0,1.0,1.0,1.0,0.0,0.0,0.0,n.s.
stream,oes32,saturated,background,clean,True,0.49166045306926986,1000,0.0,0.0,0.003826758486,0.0,0.0,,,,,,,,,,,,n.s.
stream,oes32-robust,saturated,background,clean,True,1.8699426534859687,1000,0.002,0.000548643588,0.007262807863,0.0,0.002,,,,,,,,,,,,n.s.
stream,zscore,saturated,background,clean,True,1.3483092923957776,1000,0.0,0.0,0.003826758486,0.0,0.0,,,,,,,,,,,,n.s.
stream,ewma,saturated,background,clean,True,5.348866340890248,1000,0.01,0.005440754446,0.01830946887,0.009,0.001,,,,,,,,,,,,n.s.
stream,cusum,saturated,background,clean,True,25.889763997753136,1000,0.007,0.003394868401,0.014378315466,0.007,0.0,,,,,,,,,,,,n.s.
stream,cusum-cp,saturated,background,clean,True,26.492775136412163,1000,0.004,0.00155658814,0.010239556277,0.006,-0.002,,,,,,,,,,,,n.s.
stream,oes32+ewma,saturated,background,clean,True,1.0204860019341657,1000,0.01,0.005440754446,0.01830946887,0.009,0.001,,,,,,,,,,,,n.s.
stream,oes32,clipped_burst,event,clean_burst,True,0.49166045306926986,1000,,,,,,0.0,0.013,0.007612820389,0.022114442376,0.997,0.013039117352,0.013,0.013,12.0,2.0,10.0,worse
stream,oes32-robust,clipped_burst,event,clean_burst,True,1.8699426534859687,1000,,,,,,0.0,1.0,0.996173241514,1.0,1.0,1.0,1.0,1.0,1.0,0.0,1.0,n.s.
stream,zscore,clipped_burst,event,clean_burst,True,1.3483092923957776,1000,,,,,,0.0,0.998,0.992737192137,0.999451356412,1.0,0.998,0.998,0.998,1.0,1.0,0.0,n.s.
stream,ewma,clipped_burst,event,clean_burst,True,5.348866340890248,1000,,,,,,0.005,1.0,0.996173241514,1.0,1.0,1.0,1.0,1.0,0.0,0.0,0.0,n.s.
stream,cusum,clipped_burst,event,clean_burst,True,25.889763997753136,1000,,,,,,0.0,1.0,0.996173241514,1.0,1.0,1.0,1.0,1.0,0.0,0.0,0.0,n.s.
stream,cusum-cp,clipped_burst,event,clean_burst,True,26.492775136412163,1000,,,,,,0.0,1.0,0.996173241514,1.0,1.0,1.0,1.0,1.0,0.0,0.0,0.0,n.s.
stream,oes32+ewma,clipped_burst,event,clean_burst,True,1.0204860019341657,1000,,,,,,0.004,1.0,0.996173241514,1.0,1.0,1.0,1.0,1.0,0.0,0.0,0.0,n.s.
stream,oes32,narrow_burst,event,clean_burst,True,0.49166045306926986,1000,,,,,,0.0,0.046,0.034662492763,0.060812203942,0.997,0.046138415246,0.046,0.046,10.0,2.0,8.0,worse
stream,oes32-robust,narrow_burst,event,clean_burst,True,1.8699426534859687,1000,,,,,,0.0,0.033,0.023592927958,0.045981264467,1.0,0.033,0.033,0.033,11.0,0.0,11.0,worse
stream,zscore,narrow_burst,event,clean_burst,True,1.3483092923957776,1000,,,,,,0.0,0.0,0.0,0.003826758486,1.0,0.0,0.0,0.0,,1.0,,worse
stream,ewma,narrow_burst,event,clean_burst,True,5.348866340890248,1000,,,,,,0.002,1.0,0.996173241514,1.0,1.0,1.0,0.999,0.9995,1.0,0.0,1.0,n.s.
stream,cusum,narrow_burst,event,clean_burst,True,25.889763997753136,1000,,,,,,0.0,1.0,0.996173241514,1.0,1.0,1.0,1.0,1.0,3.0,0.0,3.0,n.s.
stream,cusum-cp,narrow_burst,event,clean_burst,True,26.492775136412163,1000,,,,,,0.0,0.003,0.001020783881,0.008783014054,1.0,0.003,0.003,0.003,33.0,0.0,33.0,worse
stream,oes32+ewma,narrow_burst,event,clean_burst,True,1.0204860019341657,1000,,,,,,0.002,1.0,0.996173241514,1.0,1.0,1.0,0.999,0.9995,1.0,0.0,1.0,n.s.
stream,oes32,cross_block_burst,event,clean_burst,True,0.49166045306926986,1000,,,,,,0.0,0.553,0.522040371302,0.583553992299,0.997,0.554663991976,0.004,0.2785,11.0,2.0,9.0,worse
stream,oes32-robust,cross_block_burst,event,clean_burst,True,1.8699426534859687,1000,,,,,,0.0,0.825,0.800218354615,0.84729425237,1.0,0.825,0.008,0.4165,7.0,0.0,7.0,worse
stream,zscore,cross_block_burst,event,clean_burst,True,1.3483092923957776,1000,,,,,,0.0,0.004,0.00155658814,0.010239556277,1.0,0.004,0.0,0.002,10.0,1.0,9.0,worse
stream,ewma,cross_block_burst,event,clean_burst,True,5.348866340890248,1000,,,,,,0.001,1.0,0.996173241514,1.0,1.0,1.0,0.994,0.997166666667,0.0,0.0,0.0,n.s.
stream,cusum,cross_block_burst,event,clean_burst,True,25.889763997753136,1000,,,,,,0.0,1.0,0.996173241514,1.0,1.0,1.0,0.947,0.9735,1.0,0.0,1.0,n.s.
stream,cusum-cp,cross_block_burst,event,clean_burst,True,26.492775136412163,1000,,,,,,0.0,0.981,0.970515544088,0.987803114249,1.0,0.981,0.593,0.7865,3.0,0.0,3.0,worse
stream,oes32+ewma,cross_block_burst,event,clean_burst,True,1.0204860019341657,1000,,,,,,0.001,1.0,0.996173241514,1.0,1.0,1.0,0.994,0.997166666667,0.0,0.0,0.0,n.s.
stream,oes32,global_shift,background,clean,True,0.49166045306926986,1000,0.0,0.0,0.003826758486,0.0,0.0,,,,,,,,,,,,n.s.
stream,oes32-robust,global_shift,background,clean,True,1.8699426534859687,1000,0.0,0.0,0.003826758486,0.0,0.0,,,,,,,,,,,,n.s.
stream,zscore,global_shift,background,clean,True,1.3483092923957776,1000,0.0,0.0,0.003826758486,0.0,0.0,,,,,,,,,,,,n.s.
stream,ewma,global_shift,background,clean,True,5.348866340890248,1000,0.009,0.004742060667,0.017015816165,0.009,0.0,,,,,,,,,,,,n.s.
stream,cusum,global_shift,background,clean,True,25.889763997753136,1000,0.013,0.007612820389,0.022114442376,0.007,0.006,,,,,,,,,,,,n.s.
stream,cusum-cp,global_shift,background,clean,True,26.492775136412163,1000,0.011,0.006153174098,0.019589395701,0.006,0.005,,,,,,,,,,,,n.s.
stream,oes32+ewma,global_shift,background,clean,True,1.0204860019341657,1000,0.007,0.003394868401,0.014378315466,0.009,-0.002,,,,,,,,,,,,n.s.
stream,oes32,global_shift_burst,event,clean_burst,True,0.49166045306926986,1000,,,,,,0.0,1.0,0.996173241514,1.0,0.997,1.003009027081,1.0,1.0,0.0,2.0,-2.0,n.s.
stream,oes32-robust,global_shift_burst,event,clean_burst,True,1.8699426534859687,1000,,,,,,0.0,1.0,0.996173241514,1.0,1.0,1.0,1.0,1.0,0.0,0.0,0.0,n.s.
stream,zscore,global_shift_burst,event,clean_burst,True,1.3483092923957776,1000,,,,,,0.0,1.0,0.996173241514,1.0,1.0,1.0,1.0,1.0,0.0,1.0,-1.0,n.s.
stream,ewma,global_shift_burst,event,clean_burst,True,5.348866340890248,1000,,,,,,0.005,1.0,0.996173241514,1.0,1.0,1.0,0.999,0.9995,0.0,0.0,0.0,n.s.
stream,cusum,global_shift_burst,event,clean_burst,True,25.889763997753136,1000,,,,,,0.0,1.0,0.996173241514,1.0,1.0,1.0,1.0,1.0,0.0,0.0,0.0,n.s.
stream,cusum-cp,global_shift_burst,event,clean_burst,True,26.492775136412163,1000,,,,,,0.0,1.0,0.996173241514,1.0,1.0,1.0,1.0,1.0,0.0,0.0,0.0,n.s.
stream,oes32+ewma,global_shift_burst,event,clean_burst,True,1.0204860019341657,1000,,,,,,0.005,1.0,0.996173241514,1.0,1.0,1.0,0.999,0.9995,0.0,0.0,0.0,n.s.
stream,oes32,correlated_burst,event,clean_burst,True,0.49166045306926986,1000,,,,,,0.0,0.919,0.90044279793,0.934350378459,0.997,0.921765295888,0.571,0.738333333333,6.0,2.0,4.0,worse
stream,oes32-robust,correlated_burst,event,clean_burst,True,1.8699426534859687,1000,,,,,,0.0,0.997,0.991216985946,0.998979216119,1.0,0.997,0.759,0.872666666667,2.0,0.0,2.0,n.s.
stream,zscore,correlated_burst,event,clean_burst,True,1.3483092923957776,1000,,,,,,0.0,1.0,0.996173241514,1.0,1.0,1.0,0.798,0.899333333333,1.0,1.0,0.0,n.s.
stream,ewma,correlated_burst,event,clean_burst,True,5.348866340890248,1000,,,,,,0.004,1.0,0.996173241514,1.0,1.0,1.0,0.981,0.99175,0.0,0.0,0.0,n.s.
stream,cusum,correlated_burst,event,clean_burst,True,25.889763997753136,1000,,,,,,0.0,1.0,0.996173241514,1.0,1.0,1.0,0.924,0.960666666667,0.0,0.0,0.0,n.s.
stream,cusum-cp,correlated_burst,event,clean_burst,True,26.492775136412163,1000,,,,,,0.0,1.0,0.996173241514,1.0,1.0,1.0,0.907,0.951666666667,0.0,0.0,0.0,n.s.
stream,oes32+ewma,correlated_burst,event,clean_burst,True,1.0204860019341657,1000,,,,,,0.003,1.0,0.996173241514,1.0,1.0,1.0,0.981,0.991083333333,0.0,0.0,0.0,n.s.
stream,oes32,drift,event,,True,0.49166045306926986,1000,,,,,,0.0,0.0,0.0,0.003826758486,,,0.0,0.0,,,,
stream,oes32-robust,drift,event,,True,1.8699426534859687,1000,,,,,,0.0,0.0,0.0,0.003826758486,,,0.0,0.0,,,,
stream,zscore,drift,event,,True,1.3483092923957776,1000,,,,,,0.0,0.0,0.0,0.003826758486,,,0.0,0.0,,,,
stream,ewma,drift,event,,True,5.348866340890248,1000,,,,,,0.003,0.848,0.824419078657,0.868917497437,,,0.843,0.843,18.0,,,
stream,cusum,drift,event,,True,25.889763997753136,1000,,,,,,0.0,0.629,0.598619022655,0.658393673656,,,0.627,0.627,24.0,,,
stream,cusum-cp,drift,event,,True,26.492775136412163,1000,,,,,,0.0,0.014,0.00835757513,0.023362034118,,,0.014,0.014,23.0,,,
stream,oes32+ewma,drift,event,,True,1.0204860019341657,1000,,,,,,0.003,0.841,0.81703645346,0.862353697253,,,0.836,0.836,18.0,,,
stream,oes32,baseline_step,event,,True,0.49166045306926986,1000,,,,,,0.0,0.0,0.0,0.003826758486,,,0.0,0.0,,,,
stream,oes32-robust,baseline_step,event,,True,1.8699426534859687,1000,,,,,,0.0,0.0,0.0,0.003826758486,,,0.0,0.0,,,,
stream,zscore,baseline_step,event,,True,1.3483092923957776,1000,,,,,,0.0,0.0,0.0,0.003826758486,,,0.0,0.0,,,,
stream,ewma,baseline_step,event,,True,5.348866340890248,1000,,,,,,0.001,1.0,0.996173241514,1.0,,,0.137,0.87175,0.0,,,
stream,cusum,baseline_step,event,,True,25.889763997753136,1000,,,,,,0.0,1.0,0.996173241514,1.0,,,0.363,0.4578125,1.0,,,
stream,cusum-cp,baseline_step,event,,True,26.492775136412163,1000,,,,,,0.0,0.299,0.271437634422,0.328100722489,,,0.0,0.0265,3.0,,,
stream,oes32+ewma,baseline_step,event,,True,1.0204860019341657,1000,,,,,,0.001,1.0,0.996173241514,1.0,,,0.12,0.863625,0.0,,,
stream,oes32,regime_steps,background,clean,True,0.49166045306926986,1000,0.0,0.0,0.003826758486,0.0,0.0,,,,,,,,,,,,n.s.
stream,oes32-robust,regime_steps,background,clean,True,1.8699426534859687,1000,0.0,0.0,0.003826758486,0.0,0.0,,,,,,,,,,,,n.s.
stream,zscore,regime_steps,background,clean,True,1.3483092923957776,1000,0.0,0.0,0.003826758486,0.0,0.0,,,,,,,,,,,,n.s.
stream,ewma,regime_steps,background,clean,True,5.348866340890248,1000,1.0,0.996173241514,1.0,0.009,0.991,,,,,,,,,,,,worse
stream,cusum,regime_steps,background,clean,True,25.889763997753136,1000,1.0,0.996173241514,1.0,0.007,0.993,,,,,,,,,,,,worse
stream,cusum-cp,regime_steps,background,clean,True,26.492775136412163,1000,1.0,0.996173241514,1.0,0.006,0.994,,,,,,,,,,,,worse
stream,oes32+ewma,regime_steps,background,clean,True,1.0204860019341657,1000,1.0,0.996173241514,1.0,0.009,0.991,,,,,,,,,,,,worse
