regime,threshold,trials,expectation,detection_rate,detection_rate_ci95_low,detection_rate_ci95_high,false_positive_rate,event_detection_rate,exact_match_rate,mean_overlap,mean_localization_error,localization_error_trials,extra_block_rate,mean_detected_blocks,mean_block_coverage,majority_blocks_rate,all_blocks_rate,zero_detection_rate,mean_maximum_score,min_maximum_score,max_maximum_score,status_stable,status_localized_alert,status_distributed_alert,status_global_shock
stable,0.3,1000,none,0.0,0.0,0.003826758486,0.0,,1.0,,,,0.0,0.0,0.0,0.0,0.0,1.0,0.102107828916,0.079532303525,0.142892388269,1000,0,0,0
noisy,0.3,1000,none,1.0,0.996173241514,1.0,1.0,,0.0,,,,1.0,15.551,0.9719375,1.0,0.627,0.0,0.401523308461,0.361168754038,0.470664955804,0,0,373,627
localized_burst,0.3,1000,event_blocks,1.0,0.996173241514,1.0,,1.0,1.0,1.0,0.0,1000,0.0,1.0,0.0625,0.0,0.0,0.0,0.952345106816,0.822307212631,1.153264036956,0,1000,0,0
global_shock,0.3,1000,all_blocks,1.0,0.996173241514,1.0,,,1.0,1.0,,,0.0,16.0,1.0,1.0,1.0,0.0,2.744067119624,2.524053543577,3.211220451886,0,0,0,1000
stable,0.35,1000,none,0.0,0.0,0.003826758486,0.0,,1.0,,,,0.0,0.0,0.0,0.0,0.0,1.0,0.102107828916,0.079532303525,0.142892388269,1000,0,0,0
noisy,0.35,1000,none,1.0,0.996173241514,1.0,1.0,,0.0,,,,1.0,7.611,0.4756875,0.322,0.0,0.0,0.401523308461,0.361168754038,0.470664955804,0,0,1000,0
localized_burst,0.35,1000,event_blocks,1.0,0.996173241514,1.0,,1.0,1.0,1.0,0.0,1000,0.0,1.0,0.0625,0.0,0.0,0.0,0.952345106816,0.822307212631,1.153264036956,0,1000,0,0
global_shock,0.35,1000,all_blocks,1.0,0.996173241514,1.0,,,1.0,1.0,,,0.0,16.0,1.0,1.0,1.0,0.0,2.744067119624,2.524053543577,3.211220451886,0,0,0,1000
stable,0.4,1000,none,0.0,0.0,0.003826758486,0.0,,1.0,,,,0.0,0.0,0.0,0.0,0.0,1.0,0.102107828916,0.079532303525,0.142892388269,1000,0,0,0
noisy,0.4,1000,none,0.487,0.456129764451,0.51796973127,0.487,,0.513,,,,0.487,0.664,0.0415,0.0,0.0,0.513,0.401523308461,0.361168754038,0.470664955804,513,350,137,0
localized_burst,0.4,1000,event_blocks,1.0,0.996173241514,1.0,,1.0,1.0,1.0,0.0,1000,0.0,1.0,0.0625,0.0,0.0,0.0,0.952345106816,0.822307212631,1.153264036956,0,1000,0,0
global_shock,0.4,1000,all_blocks,1.0,0.996173241514,1.0,,,1.0,1.0,,,0.0,16.0,1.0,1.0,1.0,0.0,2.744067119624,2.524053543577,3.211220451886,0,0,0,1000
stable,0.45,1000,none,0.0,0.0,0.003826758486,0.0,,1.0,,,,0.0,0.0,0.0,0.0,0.0,1.0,0.102107828916,0.079532303525,0.142892388269,1000,0,0,0
noisy,0.45,1000,none,0.014,0.00835757513,0.023362034118,0.014,,0.986,,,,0.014,0.014,0.000875,0.0,0.0,0.986,0.401523308461,0.361168754038,0.470664955804,986,14,0,0
localized_burst,0.45,1000,event_blocks,1.0,0.996173241514,1.0,,1.0,1.0,1.0,0.0,1000,0.0,1.0,0.0625,0.0,0.0,0.0,0.952345106816,0.822307212631,1.153264036956,0,1000,0,0
global_shock,0.45,1000,all_blocks,1.0,0.996173241514,1.0,,,1.0,1.0,,,0.0,16.0,1.0,1.0,1.0,0.0,2.744067119624,2.524053543577,3.211220451886,0,0,0,1000
stable,0.5,1000,none,0.0,0.0,0.003826758486,0.0,,1.0,,,,0.0,0.0,0.0,0.0,0.0,1.0,0.102107828916,0.079532303525,0.142892388269,1000,0,0,0
noisy,0.5,1000,none,0.0,0.0,0.003826758486,0.0,,1.0,,,,0.0,0.0,0.0,0.0,0.0,1.0,0.401523308461,0.361168754038,0.470664955804,1000,0,0,0
localized_burst,0.5,1000,event_blocks,1.0,0.996173241514,1.0,,1.0,1.0,1.0,0.0,1000,0.0,1.0,0.0625,0.0,0.0,0.0,0.952345106816,0.822307212631,1.153264036956,0,1000,0,0
global_shock,0.5,1000,all_blocks,1.0,0.996173241514,1.0,,,1.0,1.0,,,0.0,16.0,1.0,1.0,1.0,0.0,2.744067119624,2.524053543577,3.211220451886,0,0,0,1000
stable,0.55,1000,none,0.0,0.0,0.003826758486,0.0,,1.0,,,,0.0,0.0,0.0,0.0,0.0,1.0,0.102107828916,0.079532303525,0.142892388269,1000,0,0,0
noisy,0.55,1000,none,0.0,0.0,0.003826758486,0.0,,1.0,,,,0.0,0.0,0.0,0.0,0.0,1.0,0.401523308461,0.361168754038,0.470664955804,1000,0,0,0
localized_burst,0.55,1000,event_blocks,1.0,0.996173241514,1.0,,1.0,1.0,1.0,0.0,1000,0.0,1.0,0.0625,0.0,0.0,0.0,0.952345106816,0.822307212631,1.153264036956,0,1000,0,0
global_shock,0.55,1000,all_blocks,1.0,0.996173241514,1.0,,,1.0,1.0,,,0.0,16.0,1.0,1.0,1.0,0.0,2.744067119624,2.524053543577,3.211220451886,0,0,0,1000
stable,0.6,1000,none,0.0,0.0,0.003826758486,0.0,,1.0,,,,0.0,0.0,0.0,0.0,0.0,1.0,0.102107828916,0.079532303525,0.142892388269,1000,0,0,0
noisy,0.6,1000,none,0.0,0.0,0.003826758486,0.0,,1.0,,,,0.0,0.0,0.0,0.0,0.0,1.0,0.401523308461,0.361168754038,0.470664955804,1000,0,0,0
localized_burst,0.6,1000,event_blocks,1.0,0.996173241514,1.0,,1.0,1.0,1.0,0.0,1000,0.0,1.0,0.0625,0.0,0.0,0.0,0.952345106816,0.822307212631,1.153264036956,0,1000,0,0
global_shock,0.6,1000,all_blocks,1.0,0.996173241514,1.0,,,1.0,1.0,,,0.0,16.0,1.0,1.0,1.0,0.0,2.744067119624,2.524053543577,3.211220451886,0,0,0,1000
stable,0.65,1000,none,0.0,0.0,0.003826758486,0.0,,1.0,,,,0.0,0.0,0.0,0.0,0.0,1.0,0.102107828916,0.079532303525,0.142892388269,1000,0,0,0
noisy,0.65,1000,none,0.0,0.0,0.003826758486,0.0,,1.0,,,,0.0,0.0,0.0,0.0,0.0,1.0,0.401523308461,0.361168754038,0.470664955804,1000,0,0,0
localized_burst,0.65,1000,event_blocks,1.0,0.996173241514,1.0,,1.0,1.0,1.0,0.0,1000,0.0,1.0,0.0625,0.0,0.0,0.0,0.952345106816,0.822307212631,1.153264036956,0,1000,0,0
global_shock,0.65,1000,all_blocks,1.0,0.996173241514,1.0,,,1.0,1.0,,,0.0,16.0,1.0,1.0,1.0,0.0,2.744067119624,2.524053543577,3.211220451886,0,0,0,1000
stable,0.7,1000,none,0.0,0.0,0.003826758486,0.0,,1.0,,,,0.0,0.0,0.0,0.0,0.0,1.0,0.102107828916,0.079532303525,0.142892388269,1000,0,0,0
noisy,0.7,1000,none,0.0,0.0,0.003826758486,0.0,,1.0,,,,0.0,0.0,0.0,0.0,0.0,1.0,0.401523308461,0.361168754038,0.470664955804,1000,0,0,0
localized_burst,0.7,1000,event_blocks,1.0,0.996173241514,1.0,,1.0,1.0,1.0,0.0,1000,0.0,1.0,0.0625,0.0,0.0,0.0,0.952345106816,0.822307212631,1.153264036956,0,1000,0,0
global_shock,0.7,1000,all_blocks,1.0,0.996173241514,1.0,,,1.0,1.0,,,0.0,16.0,1.0,1.0,1.0,0.0,2.744067119624,2.524053543577,3.211220451886,0,0,0,1000
stable,0.75,1000,none,0.0,0.0,0.003826758486,0.0,,1.0,,,,0.0,0.0,0.0,0.0,0.0,1.0,0.102107828916,0.079532303525,0.142892388269,1000,0,0,0
noisy,0.75,1000,none,0.0,0.0,0.003826758486,0.0,,1.0,,,,0.0,0.0,0.0,0.0,0.0,1.0,0.401523308461,0.361168754038,0.470664955804,1000,0,0,0
localized_burst,0.75,1000,event_blocks,1.0,0.996173241514,1.0,,1.0,1.0,1.0,0.0,1000,0.0,1.0,0.0625,0.0,0.0,0.0,0.952345106816,0.822307212631,1.153264036956,0,1000,0,0
global_shock,0.75,1000,all_blocks,1.0,0.996173241514,1.0,,,1.0,1.0,,,0.0,16.0,1.0,1.0,1.0,0.0,2.744067119624,2.524053543577,3.211220451886,0,0,0,1000
stable,0.8,1000,none,0.0,0.0,0.003826758486,0.0,,1.0,,,,0.0,0.0,0.0,0.0,0.0,1.0,0.102107828916,0.079532303525,0.142892388269,1000,0,0,0
noisy,0.8,1000,none,0.0,0.0,0.003826758486,0.0,,1.0,,,,0.0,0.0,0.0,0.0,0.0,1.0,0.401523308461,0.361168754038,0.470664955804,1000,0,0,0
localized_burst,0.8,1000,event_blocks,1.0,0.996173241514,1.0,,1.0,1.0,1.0,0.0,1000,0.0,1.0,0.0625,0.0,0.0,0.0,0.952345106816,0.822307212631,1.153264036956,0,1000,0,0
global_shock,0.8,1000,all_blocks,1.0,0.996173241514,1.0,,,1.0,1.0,,,0.0,16.0,1.0,1.0,1.0,0.0,2.744067119624,2.524053543577,3.211220451886,0,0,0,1000
stable,0.85,1000,none,0.0,0.0,0.003826758486,0.0,,1.0,,,,0.0,0.0,0.0,0.0,0.0,1.0,0.102107828916,0.079532303525,0.142892388269,1000,0,0,0
noisy,0.85,1000,none,0.0,0.0,0.003826758486,0.0,,1.0,,,,0.0,0.0,0.0,0.0,0.0,1.0,0.401523308461,0.361168754038,0.470664955804,1000,0,0,0
localized_burst,0.85,1000,event_blocks,0.99,0.98169053113,0.994559245554,,0.99,0.99,0.99,0.0,990,0.0,0.99,0.061875,0.0,0.0,0.01,0.952345106816,0.822307212631,1.153264036956,10,990,0,0
global_shock,0.85,1000,all_blocks,1.0,0.996173241514,1.0,,,1.0,1.0,,,0.0,16.0,1.0,1.0,1.0,0.0,2.744067119624,2.524053543577,3.211220451886,0,0,0,1000
stable,0.9,1000,none,0.0,0.0,0.003826758486,0.0,,1.0,,,,0.0,0.0,0.0,0.0,0.0,1.0,0.102107828916,0.079532303525,0.142892388269,1000,0,0,0
noisy,0.9,1000,none,0.0,0.0,0.003826758486,0.0,,1.0,,,,0.0,0.0,0.0,0.0,0.0,1.0,0.401523308461,0.361168754038,0.470664955804,1000,0,0,0
localized_burst,0.9,1000,event_blocks,0.888,0.866949976324,0.906080459091,,0.888,0.888,0.888,0.0,888,0.0,0.888,0.0555,0.0,0.0,0.112,0.952345106816,0.822307212631,1.153264036956,112,888,0,0
global_shock,0.9,1000,all_blocks,1.0,0.996173241514,1.0,,,1.0,1.0,,,0.0,16.0,1.0,1.0,1.0,0.0,2.744067119624,2.524053543577,3.211220451886,0,0,0,1000
stable,0.95,1000,none,0.0,0.0,0.003826758486,0.0,,1.0,,,,0.0,0.0,0.0,0.0,0.0,1.0,0.102107828916,0.079532303525,0.142892388269,1000,0,0,0
noisy,0.95,1000,none,0.0,0.0,0.003826758486,0.0,,1.0,,,,0.0,0.0,0.0,0.0,0.0,1.0,0.401523308461,0.361168754038,0.470664955804,1000,0,0,0
localized_burst,0.95,1000,event_blocks,0.509,0.478040151494,0.539890966853,,0.509,0.509,0.509,0.0,509,0.0,0.509,0.0318125,0.0,0.0,0.491,0.952345106816,0.822307212631,1.153264036956,491,509,0,0
global_shock,0.95,1000,all_blocks,1.0,0.996173241514,1.0,,,1.0,1.0,,,0.0,16.0,1.0,1.0,1.0,0.0,2.744067119624,2.524053543577,3.211220451886,0,0,0,1000
stable,1.0,1000,none,0.0,0.0,0.003826758486,0.0,,1.0,,,,0.0,0.0,0.0,0.0,0.0,1.0,0.102107828916,0.079532303525,0.142892388269,1000,0,0,0
noisy,1.0,1000,none,0.0,0.0,0.003826758486,0.0,,1.0,,,,0.0,0.0,0.0,0.0,0.0,1.0,0.401523308461,0.361168754038,0.470664955804,1000,0,0,0
localized_burst,1.0,1000,event_blocks,0.138,0.11800457327,0.160765999874,,0.138,0.138,0.138,0.0,138,0.0,0.138,0.008625,0.0,0.0,0.862,0.952345106816,0.822307212631,1.153264036956,862,138,0,0
global_shock,1.0,1000,all_blocks,1.0,0.996173241514,1.0,,,1.0,1.0,,,0.0,16.0,1.0,1.0,1.0,0.0,2.744067119624,2.524053543577,3.211220451886,0,0,0,1000
