dataset,channel,target_fp,method,threshold,constant_train,n_train,n_test,n_events,tp_events,fp_runs,event_precision,event_recall,event_f1,latency_first,false_alarms_per_1k,train_alarm_rate,test_normal_alarm_rate
SMAP,A-1,0.01,oes32,1.11022e-07,0,2880,8640,1,1,0,1.0,1.0,1.0,0,0.0,0.0,1.0
SMAP,A-1,0.01,maxabs,1.11022e-07,0,2880,8640,1,1,0,1.0,1.0,1.0,0,0.0,0.0,1.0
SMAP,A-1,0.01,zscore,1.11022e-07,0,2880,8640,1,1,0,1.0,1.0,1.0,0,0.0,0.0,1.0
SMAP,A-1,0.01,ewma,3.33067e-07,0,2880,8640,1,1,0,1.0,1.0,1.0,0,0.0,0.0,1.0
SMAP,A-1,0.01,cusum,4.94066e-324,0,2880,8640,1,1,0,1.0,1.0,1.0,0,0.0,0.0,1.0
SMAP,A-1,0.001,oes32,1.11022e-07,0,2880,8640,1,1,0,1.0,1.0,1.0,0,0.0,0.0,1.0
SMAP,A-1,0.001,maxabs,1.11022e-07,0,2880,8640,1,1,0,1.0,1.0,1.0,0,0.0,0.0,1.0
SMAP,A-1,0.001,zscore,1.11022e-07,0,2880,8640,1,1,0,1.0,1.0,1.0,0,0.0,0.0,1.0
SMAP,A-1,0.001,ewma,3.33067e-07,0,2880,8640,1,1,0,1.0,1.0,1.0,0,0.0,0.0,1.0
SMAP,A-1,0.001,cusum,4.94066e-324,0,2880,8640,1,1,0,1.0,1.0,1.0,0,0.0,0.0,1.0
SMAP,A-1,0.0,oes32,1.11022e-07,0,2880,8640,1,1,0,1.0,1.0,1.0,0,0.0,0.0,1.0
SMAP,A-1,0.0,maxabs,1.11022e-07,0,2880,8640,1,1,0,1.0,1.0,1.0,0,0.0,0.0,1.0
SMAP,A-1,0.0,zscore,1.11022e-07,0,2880,8640,1,1,0,1.0,1.0,1.0,0,0.0,0.0,1.0
SMAP,A-1,0.0,ewma,3.33067e-07,0,2880,8640,1,1,0,1.0,1.0,1.0,0,0.0,0.0,1.0
SMAP,A-1,0.0,cusum,4.94066e-324,0,2880,8640,1,1,0,1.0,1.0,1.0,0,0.0,0.0,1.0
SMAP,A-2,0.01,oes32,1.4837,0,2648,7914,1,0,2,0.0,0.0,0.0,,0.252717,0.009819,0.001282
SMAP,A-2,0.01,maxabs,1.80468,0,2648,7914,1,0,0,0.0,0.0,0.0,,0.0,0.0,0.0
SMAP,A-2,0.01,zscore,1.74826,0,2648,7914,1,0,11,0.0,0.0,0.0,,1.389942,0.008686,0.001538
SMAP,A-2,0.01,ewma,4.7579,0,2648,7914,1,0,0,0.0,0.0,0.0,,0.0,0.009819,0.0
SMAP,A-2,0.01,cusum,23.0028,0,2648,7914,1,0,11,0.0,0.0,0.0,,1.389942,0.009819,0.013841
SMAP,A-2,0.001,oes32,1.50928,0,2648,7914,1,0,0,0.0,0.0,0.0,,0.0,0.000755,0.0
SMAP,A-2,0.001,maxabs,1.80468,0,2648,7914,1,0,0,0.0,0.0,0.0,,0.0,0.0,0.0
SMAP,A-2,0.001,zscore,1.80468,0,2648,7914,1,0,0,0.0,0.0,0.0,,0.0,0.0,0.0
SMAP,A-2,0.001,ewma,4.9408,0,2648,7914,1,0,0,0.0,0.0,0.0,,0.0,0.000755,0.0
SMAP,A-2,0.001,cusum,24.3384,0,2648,7914,1,0,8,0.0,0.0,0.0,,1.010867,0.000755,0.006664
SMAP,A-2,0.0,oes32,1.51043,0,2648,7914,1,0,0,0.0,0.0,0.0,,0.0,0.0,0.0
SMAP,A-2,0.0,maxabs,1.80468,0,2648,7914,1,0,0,0.0,0.0,0.0,,0.0,0.0,0.0
SMAP,A-2,0.0,zscore,1.80468,0,2648,7914,1,0,0,0.0,0.0,0.0,,0.0,0.0,0.0
SMAP,A-2,0.0,ewma,5.04535,0,2648,7914,1,0,0,0.0,0.0,0.0,,0.0,0.0,0.0
SMAP,A-2,0.0,cusum,24.5219,0,2648,7914,1,0,7,0.0,0.0,0.0,,0.884508,0.0,0.006151
SMAP,A-3,0.01,oes32,1.68817,0,2736,8205,1,1,9,0.1,1.0,0.181818,78,1.096892,0.009868,0.017459
SMAP,A-3,0.01,maxabs,2.21306,0,2736,8205,1,0,0,0.0,0.0,0.0,,0.0,0.0,0.0
SMAP,A-3,0.01,zscore,1.73403,0,2736,8205,1,1,110,0.009009,1.0,0.017857,48,13.406459,0.007675,0.030677
SMAP,A-3,0.01,ewma,4.77953,0,2736,8205,1,0,17,0.0,0.0,0.0,,2.071907,0.009868,0.015339
SMAP,A-3,0.01,cusum,41.8589,0,2736,8205,1,1,9,0.1,1.0,0.181818,126,1.096892,0.009868,0.036912
SMAP,A-3,0.001,oes32,1.74007,0,2736,8205,1,0,5,0.0,0.0,0.0,,0.609385,0.000731,0.008106
SMAP,A-3,0.001,maxabs,2.21306,0,2736,8205,1,0,0,0.0,0.0,0.0,,0.0,0.0,0.0
SMAP,A-3,0.001,zscore,2.0386,0,2736,8205,1,1,8,0.111111,1.0,0.2,48,0.975015,0.000731,0.000998
SMAP,A-3,0.001,ewma,5.12382,0,2736,8205,1,0,8,0.0,0.0,0.0,,0.975015,0.000731,0.004739
SMAP,A-3,0.001,cusum,46.3141,0,2736,8205,1,1,6,0.142857,1.0,0.25,133,0.731261,0.000731,0.025065
SMAP,A-3,0.0,oes32,1.74056,0,2736,8205,1,0,5,0.0,0.0,0.0,,0.609385,0.0,0.008106
SMAP,A-3,0.0,maxabs,2.21306,0,2736,8205,1,0,0,0.0,0.0,0.0,,0.0,0.0,0.0
SMAP,A-3,0.0,zscore,2.21306,0,2736,8205,1,0,0,0.0,0.0,0.0,,0.0,0.0,0.0
SMAP,A-3,0.0,ewma,5.29512,0,2736,8205,1,0,4,0.0,0.0,0.0,,0.487508,0.0,0.001372
SMAP,A-3,0.0,cusum,46.5993,0,2736,8205,1,1,7,0.125,1.0,0.222222,133,0.853138,0.0,0.024567
SMAP,A-4,0.01,oes32,1.93965,0,2690,8080,1,0,2,0.0,0.0,0.0,,0.247525,0.009665,0.004141
SMAP,A-4,0.01,maxabs,3.05253,0,2690,8080,1,0,0,0.0,0.0,0.0,,0.0,0.0,0.0
SMAP,A-4,0.01,zscore,1.8377,0,2690,8080,1,0,106,0.0,0.0,0.0,,13.118812,0.00632,0.016439
SMAP,A-4,0.01,ewma,4.68184,0,2690,8080,1,0,23,0.0,0.0,0.0,,2.846535,0.009665,0.012549
SMAP,A-4,0.01,cusum,31.9363,0,2690,8080,1,1,6,0.142857,1.0,0.25,68,0.742574,0.009665,0.057724
SMAP,A-4,0.001,oes32,2.08499,0,2690,8080,1,0,2,0.0,0.0,0.0,,0.247525,0.000743,0.001004
SMAP,A-4,0.001,maxabs,3.05253,0,2690,8080,1,0,0,0.0,0.0,0.0,,0.0,0.0,0.0
SMAP,A-4,0.001,zscore,2.65045,0,2690,8080,1,0,2,0.0,0.0,0.0,,0.247525,0.000372,0.000251
SMAP,A-4,0.001,ewma,5.16169,0,2690,8080,1,0,3,0.0,0.0,0.0,,0.371287,0.000743,0.000878
SMAP,A-4,0.001,cusum,34.1295,0,2690,8080,1,1,4,0.2,1.0,0.333333,71,0.49505,0.000743,0.053457
SMAP,A-4,0.0,oes32,2.09451,0,2690,8080,1,0,1,0.0,0.0,0.0,,0.123762,0.0,0.000376
SMAP,A-4,0.0,maxabs,3.05253,0,2690,8080,1,0,0,0.0,0.0,0.0,,0.0,0.0,0.0
SMAP,A-4,0.0,zscore,3.05253,0,2690,8080,1,0,0,0.0,0.0,0.0,,0.0,0.0,0.0
SMAP,A-4,0.0,ewma,5.19913,0,2690,8080,1,0,3,0.0,0.0,0.0,,0.371287,0.0,0.000753
SMAP,A-4,0.0,cusum,34.891,0,2690,8080,1,1,5,0.166667,1.0,0.285714,72,0.618812,0.0,0.051826
SMAP,A-5,0.01,oes32,5.45729,0,705,4693,1,1,1,0.5,1.0,0.666667,7,0.213083,0.009929,0.41857
SMAP,A-5,0.01,maxabs,9.53215,0,705,4693,1,1,1,0.5,1.0,0.666667,7,0.213083,0.0,0.41857
SMAP,A-5,0.01,zscore,3.4678,0,705,4693,1,1,467,0.002137,1.0,0.004264,5,99.509908,0.009929,0.513787
SMAP,A-5,0.01,ewma,6.14649,0,705,4693,1,1,177,0.005618,1.0,0.011173,0,37.715747,0.009929,0.632271
SMAP,A-5,0.01,cusum,63.9583,0,705,4693,1,1,0,1.0,1.0,1.0,0,0.0,0.009929,0.999354
SMAP,A-5,0.001,oes32,5.57245,0,705,4693,1,1,1,0.5,1.0,0.666667,7,0.213083,0.0,0.41857
SMAP,A-5,0.001,maxabs,9.53215,0,705,4693,1,1,1,0.5,1.0,0.666667,7,0.213083,0.0,0.41857
SMAP,A-5,0.001,zscore,9.53215,0,705,4693,1,1,2,0.333333,1.0,0.5,7,0.426167,0.0,0.41103
SMAP,A-5,0.001,ewma,8.97324,0,705,4693,1,1,1,0.5,1.0,0.666667,7,0.213083,0.0,0.415554
SMAP,A-5,0.001,cusum,64.2628,0,705,4693,1,1,0,1.0,1.0,1.0,0,0.0,0.0,0.999354
SMAP,A-5,0.0,oes32,5.57245,0,705,4693,1,1,1,0.5,1.0,0.666667,7,0.213083,0.0,0.41857
SMAP,A-5,0.0,maxabs,9.53215,0,705,4693,1,1,1,0.5,1.0,0.666667,7,0.213083,0.0,0.41857
SMAP,A-5,0.0,zscore,9.53215,0,705,4693,1,1,2,0.333333,1.0,0.5,7,0.426167,0.0,0.41103
SMAP,A-5,0.0,ewma,8.97324,0,705,4693,1,1,1,0.5,1.0,0.666667,7,0.213083,0.0,0.415554
SMAP,A-5,0.0,cusum,64.2628,0,705,4693,1,1,0,1.0,1.0,1.0,0,0.0,0.0,0.999354
SMAP,A-6,0.01,oes32,3.44815,0,682,4453,1,1,0,1.0,1.0,1.0,7,0.0,0.008798,0.006573
SMAP,A-6,0.01,maxabs,4.4045,0,682,4453,1,1,0,1.0,1.0,1.0,7,0.0,0.008798,0.006573
SMAP,A-6,0.01,zscore,4.4045,0,682,4453,1,1,0,1.0,1.0,1.0,7,0.0,0.008798,0.0
SMAP,A-6,0.01,ewma,12.5527,0,682,4453,1,1,0,1.0,1.0,1.0,17,0.0,0.008798,0.000227
SMAP,A-6,0.01,cusum,57.2821,0,682,4453,1,1,0,1.0,1.0,1.0,0,0.0,0.008798,0.995467
SMAP,A-6,0.001,oes32,5.85942,0,682,4453,1,1,0,1.0,1.0,1.0,20,0.0,0.0,0.004533
SMAP,A-6,0.001,maxabs,8.03737,0,682,4453,1,0,0,0.0,0.0,0.0,,0.0,0.0,0.0
SMAP,A-6,0.001,zscore,8.03737,0,682,4453,1,0,0,0.0,0.0,0.0,,0.0,0.0,0.0
SMAP,A-6,0.001,ewma,20.1519,0,682,4453,1,1,0,1.0,1.0,1.0,23,0.0,0.0,0.0
SMAP,A-6,0.001,cusum,99.3925,0,682,4453,1,1,0,1.0,1.0,1.0,0,0.0,0.0,0.992067
SMAP,A-6,0.0,oes32,5.85942,0,682,4453,1,1,0,1.0,1.0,1.0,20,0.0,0.0,0.004533
SMAP,A-6,0.0,maxabs,8.03737,0,682,4453,1,0,0,0.0,0.0,0.0,,0.0,0.0,0.0
SMAP,A-6,0.0,zscore,8.03737,0,682,4453,1,0,0,0.0,0.0,0.0,,0.0,0.0,0.0
SMAP,A-6,0.0,ewma,20.1519,0,682,4453,1,1,0,1.0,1.0,1.0,23,0.0,0.0,0.0
SMAP,A-6,0.0,cusum,99.3925,0,682,4453,1,1,0,1.0,1.0,1.0,0,0.0,0.0,0.992067
SMAP,A-7,0.01,oes32,2.37055,0,2879,8631,1,0,3,0.0,0.0,0.0,,0.347584,0.009726,0.012039
SMAP,A-7,0.01,maxabs,3.38317,0,2879,8631,1,0,0,0.0,0.0,0.0,,0.0,0.0,0.0
SMAP,A-7,0.01,zscore,2.3364,0,2879,8631,1,0,12,0.0,0.0,0.0,,1.390337,0.009726,0.013323
SMAP,A-7,0.01,ewma,5.03337,0,2879,8631,1,0,13,0.0,0.0,0.0,,1.506199,0.009726,0.018941
SMAP,A-7,0.01,cusum,22.9019,0,2879,8631,1,1,11,0.083333,1.0,0.153846,125,1.274476,0.009726,0.030337
SMAP,A-7,0.001,oes32,2.51194,0,2879,8631,1,0,1,0.0,0.0,0.0,,0.115861,0.000695,0.003852
SMAP,A-7,0.001,maxabs,3.38317,0,2879,8631,1,0,0,0.0,0.0,0.0,,0.0,0.0,0.0
SMAP,A-7,0.001,zscore,3.30263,0,2879,8631,1,0,1,0.0,0.0,0.0,,0.115861,0.000695,0.000642
SMAP,A-7,0.001,ewma,7.61325,0,2879,8631,1,0,3,0.0,0.0,0.0,,0.347584,0.000695,0.00305
SMAP,A-7,0.001,cusum,31.3109,0,2879,8631,1,1,4,0.2,1.0,0.333333,144,0.463446,0.000695,0.012039
SMAP,A-7,0.0,oes32,2.52096,0,2879,8631,1,0,1,0.0,0.0,0.0,,0.115861,0.0,0.003692
SMAP,A-7,0.0,maxabs,3.38317,0,2879,8631,1,0,0,0.0,0.0,0.0,,0.0,0.0,0.0
SMAP,A-7,0.0,zscore,3.38317,0,2879,8631,1,0,0,0.0,0.0,0.0,,0.0,0.0,0.0
SMAP,A-7,0.0,ewma,7.65237,0,2879,8631,1,0,3,0.0,0.0,0.0,,0.347584,0.0,0.002889
SMAP,A-7,0.0,cusum,31.5664,0,2879,8631,1,1,4,0.2,1.0,0.333333,144,0.463446,0.0,0.011878
SMAP,A-8,0.01,oes32,1.28564,0,762,8375,1,0,0,0.0,0.0,0.0,,0.0,0.0,0.0
SMAP,A-8,0.01,maxabs,1.28564,0,762,8375,1,0,1,0.0,0.0,0.0,,0.119403,0.0,0.007004
SMAP,A-8,0.01,zscore,1.28564,0,762,8375,1,0,1,0.0,0.0,0.0,,0.119403,0.0,0.000219
SMAP,A-8,0.01,ewma,3.85693,0,762,8375,1,0,0,0.0,0.0,0.0,,0.0,0.0,0.0
SMAP,A-8,0.01,cusum,221.65,0,762,8375,1,1,0,1.0,1.0,1.0,1576,0.0,0.009186,0.0
SMAP,A-8,0.001,oes32,1.28564,0,762,8375,1,0,0,0.0,0.0,0.0,,0.0,0.0,0.0
SMAP,A-8,0.001,maxabs,1.28564,0,762,8375,1,0,1,0.0,0.0,0.0,,0.119403,0.0,0.007004
SMAP,A-8,0.001,zscore,1.28564,0,762,8375,1,0,1,0.0,0.0,0.0,,0.119403,0.0,0.000219
SMAP,A-8,0.001,ewma,3.85693,0,762,8375,1,0,0,0.0,0.0,0.0,,0.0,0.0,0.0
SMAP,A-8,0.001,cusum,225.48,0,762,8375,1,1,0,1.0,1.0,1.0,1592,0.0,0.0,0.0
SMAP,A-8,0.0,oes32,1.28564,0,762,8375,1,0,0,0.0,0.0,0.0,,0.0,0.0,0.0
SMAP,A-8,0.0,maxabs,1.28564,0,762,8375,1,0,1,0.0,0.0,0.0,,0.119403,0.0,0.007004
SMAP,A-8,0.0,zscore,1.28564,0,762,8375,1,0,1,0.0,0.0,0.0,,0.119403,0.0,0.000219
SMAP,A-8,0.0,ewma,3.85693,0,762,8375,1,0,0,0.0,0.0,0.0,,0.0,0.0,0.0
SMAP,A-8,0.0,cusum,225.48,0,762,8375,1,1,0,1.0,1.0,1.0,1592,0.0,0.0,0.0
SMAP,A-9,0.01,oes32,1.28563,0,762,8434,1,0,0,0.0,0.0,0.0,,0.0,0.0,0.0
SMAP,A-9,0.01,maxabs,1.28563,0,762,8434,1,0,0,0.0,0.0,0.0,,0.0,0.0,0.0
SMAP,A-9,0.01,zscore,1.28563,0,762,8434,1,0,0,0.0,0.0,0.0,,0.0,0.0,0.0
SMAP,A-9,0.01,ewma,3.8569,0,762,8434,1,0,0,0.0,0.0,0.0,,0.0,0.0,0.0
SMAP,A-9,0.01,cusum,221.618,0,762,8434,1,1,0,1.0,1.0,1.0,0,0.0,0.009186,0.250602
SMAP,A-9,0.001,oes32,1.28563,0,762,8434,1,0,0,0.0,0.0,0.0,,0.0,0.0,0.0
SMAP,A-9,0.001,maxabs,1.28563,0,762,8434,1,0,0,0.0,0.0,0.0,,0.0,0.0,0.0
SMAP,A-9,0.001,zscore,1.28563,0,762,8434,1,0,0,0.0,0.0,0.0,,0.0,0.0,0.0
SMAP,A-9,0.001,ewma,3.8569,0,762,8434,1,0,0,0.0,0.0,0.0,,0.0,0.0,0.0
SMAP,A-9,0.001,cusum,225.477,0,762,8434,1,1,0,1.0,1.0,1.0,0,0.0,0.0,0.246006
SMAP,A-9,0.0,oes32,1.28563,0,762,8434,1,0,0,0.0,0.0,0.0,,0.0,0.0,0.0
SMAP,A-9,0.0,maxabs,1.28563,0,762,8434,1,0,0,0.0,0.0,0.0,,0.0,0.0,0.0
SMAP,A-9,0.0,zscore,1.28563,0,762,8434,1,0,0,0.0,0.0,0.0,,0.0,0.0,0.0
SMAP,A-9,0.0,ewma,3.8569,0,762,8434,1,0,0,0.0,0.0,0.0,,0.0,0.0,0.0
SMAP,A-9,0.0,cusum,225.477,0,762,8434,1,1,0,1.0,1.0,1.0,0,0.0,0.0,0.246006
SMAP,B-1,0.01,oes32,4.94066e-324,1,2435,8044,1,1,0,1.0,1.0,1.0,17,0.0,0.0,0.365358
SMAP,B-1,0.01,maxabs,4.94066e-324,1,2435,8044,1,1,0,1.0,1.0,1.0,17,0.0,0.0,0.365358
SMAP,B-1,0.01,zscore,4.94066e-324,1,2435,8044,1,1,0,1.0,1.0,1.0,17,0.0,0.0,0.365358
SMAP,B-1,0.01,ewma,4.94066e-324,1,2435,8044,1,1,0,1.0,1.0,1.0,17,0.0,0.0,0.365358
SMAP,B-1,0.01,cusum,4.94066e-324,1,2435,8044,1,1,0,1.0,1.0,1.0,17,0.0,0.0,0.365358
SMAP,B-1,0.001,oes32,4.94066e-324,1,2435,8044,1,1,0,1.0,1.0,1.0,17,0.0,0.0,0.365358
SMAP,B-1,0.001,maxabs,4.94066e-324,1,2435,8044,1,1,0,1.0,1.0,1.0,17,0.0,0.0,0.365358
SMAP,B-1,0.001,zscore,4.94066e-324,1,2435,8044,1,1,0,1.0,1.0,1.0,17,0.0,0.0,0.365358
SMAP,B-1,0.001,ewma,4.94066e-324,1,2435,8044,1,1,0,1.0,1.0,1.0,17,0.0,0.0,0.365358
SMAP,B-1,0.001,cusum,4.94066e-324,1,2435,8044,1,1,0,1.0,1.0,1.0,17,0.0,0.0,0.365358
SMAP,B-1,0.0,oes32,4.94066e-324,1,2435,8044,1,1,0,1.0,1.0,1.0,17,0.0,0.0,0.365358
SMAP,B-1,0.0,maxabs,4.94066e-324,1,2435,8044,1,1,0,1.0,1.0,1.0,17,0.0,0.0,0.365358
SMAP,B-1,0.0,zscore,4.94066e-324,1,2435,8044,1,1,0,1.0,1.0,1.0,17,0.0,0.0,0.365358
SMAP,B-1,0.0,ewma,4.94066e-324,1,2435,8044,1,1,0,1.0,1.0,1.0,17,0.0,0.0,0.365358
SMAP,B-1,0.0,cusum,4.94066e-324,1,2435,8044,1,1,0,1.0,1.0,1.0,17,0.0,0.0,0.365358
SMAP,D-1,0.01,oes32,2.31371,0,2849,8509,1,1,2,0.333333,1.0,0.5,0,0.235045,0.009828,0.021905
SMAP,D-1,0.01,maxabs,3.53787,0,2849,8509,1,1,1,0.5,1.0,0.666667,357,0.117523,0.0,0.006667
SMAP,D-1,0.01,zscore,2.70959,0,2849,8509,1,1,5,0.166667,1.0,0.285714,54,0.587613,0.002457,0.006095
SMAP,D-1,0.01,ewma,5.58475,0,2849,8509,1,1,85,0.011628,1.0,0.022989,0,9.989423,0.009828,0.140762
SMAP,D-1,0.01,cusum,47.2495,0,2849,8509,1,1,2,0.333333,1.0,0.5,0,0.235045,0.009828,0.941905
SMAP,D-1,0.001,oes32,2.48889,0,2849,8509,1,1,2,0.333333,1.0,0.5,0,0.235045,0.000702,0.018857
SMAP,D-1,0.001,maxabs,3.53787,0,2849,8509,1,1,1,0.5,1.0,0.666667,357,0.117523,0.0,0.006667
SMAP,D-1,0.001,zscore,3.53787,0,2849,8509,1,1,1,0.5,1.0,0.666667,357,0.117523,0.0,0.000762
SMAP,D-1,0.001,ewma,5.76384,0,2849,8509,1,1,86,0.011494,1.0,0.022727,0,10.106946,0.000702,0.120571
SMAP,D-1,0.001,cusum,50.5626,0,2849,8509,1,1,1,0.5,1.0,0.666667,0,0.117523,0.000702,0.93981
SMAP,D-1,0.0,oes32,2.51365,0,2849,8509,1,1,2,0.333333,1.0,0.5,0,0.235045,0.0,0.018667
SMAP,D-1,0.0,maxabs,3.53787,0,2849,8509,1,1,1,0.5,1.0,0.666667,357,0.117523,0.0,0.006667
SMAP,D-1,0.0,zscore,3.53787,0,2849,8509,1,1,1,0.5,1.0,0.666667,357,0.117523,0.0,0.000762
SMAP,D-1,0.0,ewma,6.08028,0,2849,8509,1,1,73,0.013514,1.0,0.026667,0,8.579151,0.0,0.08381
SMAP,D-1,0.0,cusum,51.9489,0,2849,8509,1,1,2,0.333333,1.0,0.5,0,0.235045,0.0,0.936762
SMAP,D-11,0.01,oes32,2.24453,0,2611,7431,1,0,1,0.0,0.0,0.0,,0.134571,0.0,0.005834
SMAP,D-11,0.01,maxabs,2.24453,0,2611,7431,1,0,1,0.0,0.0,0.0,,0.134571,0.0,0.010041
SMAP,D-11,0.01,zscore,2.24453,0,2611,7431,1,0,1,0.0,0.0,0.0,,0.134571,0.0,0.010041
SMAP,D-11,0.01,ewma,6.7336,0,2611,7431,1,0,0,0.0,0.0,0.0,,0.0,0.0,0.0
SMAP,D-11,0.01,cusum,540.572,0,2611,7431,1,1,0,1.0,1.0,1.0,0,0.0,0.009958,0.915197
SMAP,D-11,0.001,oes32,2.24453,0,2611,7431,1,0,1,0.0,0.0,0.0,,0.134571,0.0,0.005834
SMAP,D-11,0.001,maxabs,2.24453,0,2611,7431,1,0,1,0.0,0.0,0.0,,0.134571,0.0,0.010041
SMAP,D-11,0.001,zscore,2.24453,0,2611,7431,1,0,1,0.0,0.0,0.0,,0.134571,0.0,0.010041
SMAP,D-11,0.001,ewma,6.7336,0,2611,7431,1,0,0,0.0,0.0,0.0,,0.0,0.0,0.0
SMAP,D-11,0.001,cusum,582.441,0,2611,7431,1,1,0,1.0,1.0,1.0,0,0.0,0.000766,0.908548
SMAP,D-11,0.0,oes32,2.24453,0,2611,7431,1,0,1,0.0,0.0,0.0,,0.134571,0.0,0.005834
SMAP,D-11,0.0,maxabs,2.24453,0,2611,7431,1,0,1,0.0,0.0,0.0,,0.134571,0.0,0.010041
SMAP,D-11,0.0,zscore,2.24453,0,2611,7431,1,0,1,0.0,0.0,0.0,,0.134571,0.0,0.010041
SMAP,D-11,0.0,ewma,6.7336,0,2611,7431,1,0,0,0.0,0.0,0.0,,0.0,0.0,0.0
SMAP,D-11,0.0,cusum,585.93,0,2611,7431,1,1,0,1.0,1.0,1.0,0,0.0,0.0,0.908005
SMAP,D-12,0.01,oes32,4.94066e-324,1,312,7918,1,1,0,1.0,1.0,1.0,0,0.0,0.0,1.0
SMAP,D-12,0.01,maxabs,4.94066e-324,1,312,7918,1,1,0,1.0,1.0,1.0,0,0.0,0.0,1.0
SMAP,D-12,0.01,zscore,4.94066e-324,1,312,7918,1,1,0,1.0,1.0,1.0,0,0.0,0.0,1.0
SMAP,D-12,0.01,ewma,4.94066e-324,1,312,7918,1,1,0,1.0,1.0,1.0,0,0.0,0.0,1.0
SMAP,D-12,0.01,cusum,4.94066e-324,1,312,7918,1,1,0,1.0,1.0,1.0,162,0.0,0.0,0.0
SMAP,D-12,0.001,oes32,4.94066e-324,1,312,7918,1,1,0,1.0,1.0,1.0,0,0.0,0.0,1.0
SMAP,D-12,0.001,maxabs,4.94066e-324,1,312,7918,1,1,0,1.0,1.0,1.0,0,0.0,0.0,1.0
SMAP,D-12,0.001,zscore,4.94066e-324,1,312,7918,1,1,0,1.0,1.0,1.0,0,0.0,0.0,1.0
SMAP,D-12,0.001,ewma,4.94066e-324,1,312,7918,1,1,0,1.0,1.0,1.0,0,0.0,0.0,1.0
SMAP,D-12,0.001,cusum,4.94066e-324,1,312,7918,1,1,0,1.0,1.0,1.0,162,0.0,0.0,0.0
SMAP,D-12,0.0,oes32,4.94066e-324,1,312,7918,1,1,0,1.0,1.0,1.0,0,0.0,0.0,1.0
SMAP,D-12,0.0,maxabs,4.94066e-324,1,312,7918,1,1,0,1.0,1.0,1.0,0,0.0,0.0,1.0
SMAP,D-12,0.0,zscore,4.94066e-324,1,312,7918,1,1,0,1.0,1.0,1.0,0,0.0,0.0,1.0
SMAP,D-12,0.0,ewma,4.94066e-324,1,312,7918,1,1,0,1.0,1.0,1.0,0,0.0,0.0,1.0
SMAP,D-12,0.0,cusum,4.94066e-324,1,312,7918,1,1,0,1.0,1.0,1.0,162,0.0,0.0,0.0
SMAP,D-13,0.01,oes32,4.94066e-324,1,1490,7663,1,1,0,1.0,1.0,1.0,22,0.0,0.0,0.32418
SMAP,D-13,0.01,maxabs,4.94066e-324,1,1490,7663,1,1,0,1.0,1.0,1.0,22,0.0,0.0,0.32418
SMAP,D-13,0.01,zscore,4.94066e-324,1,1490,7663,1,1,0,1.0,1.0,1.0,22,0.0,0.0,0.32418
SMAP,D-13,0.01,ewma,4.94066e-324,1,1490,7663,1,1,0,1.0,1.0,1.0,22,0.0,0.0,0.32418
SMAP,D-13,0.01,cusum,4.94066e-324,1,1490,7663,1,1,0,1.0,1.0,1.0,22,0.0,0.0,0.32418
SMAP,D-13,0.001,oes32,4.94066e-324,1,1490,7663,1,1,0,1.0,1.0,1.0,22,0.0,0.0,0.32418
SMAP,D-13,0.001,maxabs,4.94066e-324,1,1490,7663,1,1,0,1.0,1.0,1.0,22,0.0,0.0,0.32418
SMAP,D-13,0.001,zscore,4.94066e-324,1,1490,7663,1,1,0,1.0,1.0,1.0,22,0.0,0.0,0.32418
SMAP,D-13,0.001,ewma,4.94066e-324,1,1490,7663,1,1,0,1.0,1.0,1.0,22,0.0,0.0,0.32418
SMAP,D-13,0.001,cusum,4.94066e-324,1,1490,7663,1,1,0,1.0,1.0,1.0,22,0.0,0.0,0.32418
SMAP,D-13,0.0,oes32,4.94066e-324,1,1490,7663,1,1,0,1.0,1.0,1.0,22,0.0,0.0,0.32418
SMAP,D-13,0.0,maxabs,4.94066e-324,1,1490,7663,1,1,0,1.0,1.0,1.0,22,0.0,0.0,0.32418
SMAP,D-13,0.0,zscore,4.94066e-324,1,1490,7663,1,1,0,1.0,1.0,1.0,22,0.0,0.0,0.32418
SMAP,D-13,0.0,ewma,4.94066e-324,1,1490,7663,1,1,0,1.0,1.0,1.0,22,0.0,0.0,0.32418
SMAP,D-13,0.0,cusum,4.94066e-324,1,1490,7663,1,1,0,1.0,1.0,1.0,22,0.0,0.0,0.32418
SMAP,D-2,0.01,oes32,4.94066e-324,1,2880,8595,1,1,0,1.0,1.0,1.0,371,0.0,0.0,0.0
SMAP,D-2,0.01,maxabs,4.94066e-324,1,2880,8595,1,1,0,1.0,1.0,1.0,371,0.0,0.0,0.0
SMAP,D-2,0.01,zscore,4.94066e-324,1,2880,8595,1,1,0,1.0,1.0,1.0,371,0.0,0.0,0.0
SMAP,D-2,0.01,ewma,4.94066e-324,1,2880,8595,1,1,0,1.0,1.0,1.0,371,0.0,0.0,0.013251
SMAP,D-2,0.01,cusum,4.94066e-324,1,2880,8595,1,1,0,1.0,1.0,1.0,371,0.0,0.0,0.013251
SMAP,D-2,0.001,oes32,4.94066e-324,1,2880,8595,1,1,0,1.0,1.0,1.0,371,0.0,0.0,0.0
SMAP,D-2,0.001,maxabs,4.94066e-324,1,2880,8595,1,1,0,1.0,1.0,1.0,371,0.0,0.0,0.0
SMAP,D-2,0.001,zscore,4.94066e-324,1,2880,8595,1,1,0,1.0,1.0,1.0,371,0.0,0.0,0.0
SMAP,D-2,0.001,ewma,4.94066e-324,1,2880,8595,1,1,0,1.0,1.0,1.0,371,0.0,0.0,0.013251
SMAP,D-2,0.001,cusum,4.94066e-324,1,2880,8595,1,1,0,1.0,1.0,1.0,371,0.0,0.0,0.013251
SMAP,D-2,0.0,oes32,4.94066e-324,1,2880,8595,1,1,0,1.0,1.0,1.0,371,0.0,0.0,0.0
SMAP,D-2,0.0,maxabs,4.94066e-324,1,2880,8595,1,1,0,1.0,1.0,1.0,371,0.0,0.0,0.0
SMAP,D-2,0.0,zscore,4.94066e-324,1,2880,8595,1,1,0,1.0,1.0,1.0,371,0.0,0.0,0.0
SMAP,D-2,0.0,ewma,4.94066e-324,1,2880,8595,1,1,0,1.0,1.0,1.0,371,0.0,0.0,0.013251
SMAP,D-2,0.0,cusum,4.94066e-324,1,2880,8595,1,1,0,1.0,1.0,1.0,371,0.0,0.0,0.013251
SMAP,D-3,0.01,oes32,1.73626,0,2880,8640,1,1,1,0.5,1.0,0.666667,0,0.115741,0.009722,0.063013
SMAP,D-3,0.01,maxabs,1.74308,0,2880,8640,1,1,0,1.0,1.0,1.0,0,0.0,0.0,0.055556
SMAP,D-3,0.01,zscore,1.72044,0,2880,8640,1,1,1,0.5,1.0,0.666667,0,0.115741,0.008681,0.066928
SMAP,D-3,0.01,ewma,5.09321,0,2880,8640,1,1,1,0.5,1.0,0.666667,0,0.115741,0.009722,0.076063
SMAP,D-3,0.01,cusum,629.127,0,2880,8640,1,1,1,0.5,1.0,0.666667,0,0.115741,0.009722,0.598807
SMAP,D-3,0.001,oes32,1.74308,0,2880,8640,1,1,0,1.0,1.0,1.0,0,0.0,0.0,0.053878
SMAP,D-3,0.001,maxabs,1.74308,0,2880,8640,1,1,0,1.0,1.0,1.0,0,0.0,0.0,0.055556
SMAP,D-3,0.001,zscore,1.74308,0,2880,8640,1,1,0,1.0,1.0,1.0,0,0.0,0.0,0.055556
SMAP,D-3,0.001,ewma,5.15925,0,2880,8640,1,1,1,0.5,1.0,0.666667,0,0.115741,0.000694,0.065063
SMAP,D-3,0.001,cusum,632.735,0,2880,8640,1,1,1,0.5,1.0,0.666667,0,0.115741,0.000694,0.596383
SMAP,D-3,0.0,oes32,1.74308,0,2880,8640,1,1,0,1.0,1.0,1.0,0,0.0,0.0,0.053878
SMAP,D-3,0.0,maxabs,1.74308,0,2880,8640,1,1,0,1.0,1.0,1.0,0,0.0,0.0,0.055556
SMAP,D-3,0.0,zscore,1.74308,0,2880,8640,1,1,0,1.0,1.0,1.0,0,0.0,0.0,0.055556
SMAP,D-3,0.0,ewma,5.15999,0,2880,8640,1,1,1,0.5,1.0,0.666667,0,0.115741,0.0,0.065063
SMAP,D-3,0.0,cusum,635.128,0,2880,8640,1,1,1,0.5,1.0,0.666667,0,0.115741,0.0,0.594892
SMAP,D-4,0.01,oes32,1.84933,0,2833,8473,1,1,0,1.0,1.0,1.0,0,0.0,0.0,0.001531
SMAP,D-4,0.01,maxabs,1.84933,0,2833,8473,1,1,0,1.0,1.0,1.0,0,0.0,0.0,0.001531
SMAP,D-4,0.01,zscore,1.84933,0,2833,8473,1,1,0,1.0,1.0,1.0,0,0.0,0.0,0.001531
SMAP,D-4,0.01,ewma,5.54798,0,2833,8473,1,1,0,1.0,1.0,1.0,0,0.0,0.009884,0.001148
SMAP,D-4,0.01,cusum,637.496,0,2833,8473,1,1,1,0.5,1.0,0.666667,19,0.118022,0.009884,0.628325
SMAP,D-4,0.001,oes32,1.84933,0,2833,8473,1,1,0,1.0,1.0,1.0,0,0.0,0.0,0.001531
SMAP,D-4,0.001,maxabs,1.84933,0,2833,8473,1,1,0,1.0,1.0,1.0,0,0.0,0.0,0.001531
SMAP,D-4,0.001,zscore,1.84933,0,2833,8473,1,1,0,1.0,1.0,1.0,0,0.0,0.0,0.001531
SMAP,D-4,0.001,ewma,5.548,0,2833,8473,1,1,0,1.0,1.0,1.0,0,0.0,0.000706,0.001148
SMAP,D-4,0.001,cusum,672.579,0,2833,8473,1,1,1,0.5,1.0,0.666667,26,0.118022,0.000706,0.608612
SMAP,D-4,0.0,oes32,1.84933,0,2833,8473,1,1,0,1.0,1.0,1.0,0,0.0,0.0,0.001531
SMAP,D-4,0.0,maxabs,1.84933,0,2833,8473,1,1,0,1.0,1.0,1.0,0,0.0,0.0,0.001531
SMAP,D-4,0.0,zscore,1.84933,0,2833,8473,1,1,0,1.0,1.0,1.0,0,0.0,0.0,0.001531
SMAP,D-4,0.0,ewma,5.548,0,2833,8473,1,1,0,1.0,1.0,1.0,0,0.0,0.0,0.001148
SMAP,D-4,0.0,cusum,675.278,0,2833,8473,1,1,1,0.5,1.0,0.666667,26,0.118022,0.0,0.607081
SMAP,D-5,0.01,oes32,2.19561,0,2561,7628,1,1,0,1.0,1.0,1.0,0,0.0,0.009762,1.0
SMAP,D-5,0.01,maxabs,2.65821,0,2561,7628,1,1,0,1.0,1.0,1.0,0,0.0,0.0,1.0
SMAP,D-5,0.01,zscore,2.0178,0,2561,7628,1,1,0,1.0,1.0,1.0,0,0.0,0.002733,1.0
SMAP,D-5,0.01,ewma,6.0534,0,2561,7628,1,1,0,1.0,1.0,1.0,0,0.0,0.009762,1.0
SMAP,D-5,0.01,cusum,165.91,0,2561,7628,1,1,0,1.0,1.0,1.0,0,0.0,0.009762,1.0
SMAP,D-5,0.001,oes32,2.29879,0,2561,7628,1,1,0,1.0,1.0,1.0,0,0.0,0.000781,1.0
SMAP,D-5,0.001,maxabs,2.65821,0,2561,7628,1,1,0,1.0,1.0,1.0,0,0.0,0.0,1.0
SMAP,D-5,0.001,zscore,2.35193,0,2561,7628,1,1,0,1.0,1.0,1.0,0,0.0,0.000781,1.0
SMAP,D-5,0.001,ewma,6.25388,0,2561,7628,1,1,0,1.0,1.0,1.0,0,0.0,0.000781,1.0
SMAP,D-5,0.001,cusum,175.727,0,2561,7628,1,1,0,1.0,1.0,1.0,0,0.0,0.000781,1.0
SMAP,D-5,0.0,oes32,2.33107,0,2561,7628,1,1,0,1.0,1.0,1.0,0,0.0,0.0,1.0
SMAP,D-5,0.0,maxabs,2.65821,0,2561,7628,1,1,0,1.0,1.0,1.0,0,0.0,0.0,1.0
SMAP,D-5,0.0,zscore,2.65821,0,2561,7628,1,1,0,1.0,1.0,1.0,0,0.0,0.0,1.0
SMAP,D-5,0.0,ewma,6.75306,0,2561,7628,1,1,0,1.0,1.0,1.0,0,0.0,0.0,1.0
SMAP,D-5,0.0,cusum,177.245,0,2561,7628,1,1,0,1.0,1.0,1.0,0,0.0,0.0,1.0
SMAP,D-6,0.01,oes32,2.19833,0,2594,7884,1,1,0,1.0,1.0,1.0,48,0.0,0.009638,0.000128
SMAP,D-6,0.01,maxabs,2.45626,0,2594,7884,1,0,0,0.0,0.0,0.0,,0.0,0.0,0.0
SMAP,D-6,0.01,zscore,2.10539,0,2594,7884,1,1,0,1.0,1.0,1.0,48,0.0,0.006939,0.0
SMAP,D-6,0.01,ewma,6.2217,0,2594,7884,1,0,0,0.0,0.0,0.0,,0.0,0.009638,0.0
SMAP,D-6,0.01,cusum,166.787,0,2594,7884,1,1,0,1.0,1.0,1.0,0,0.0,0.009638,0.986031
SMAP,D-6,0.001,oes32,2.27315,0,2594,7884,1,0,0,0.0,0.0,0.0,,0.0,0.000771,0.0
SMAP,D-6,0.001,maxabs,2.45626,0,2594,7884,1,0,0,0.0,0.0,0.0,,0.0,0.0,0.0
SMAP,D-6,0.001,zscore,2.42927,0,2594,7884,1,1,0,1.0,1.0,1.0,48,0.0,0.000771,0.0
SMAP,D-6,0.001,ewma,6.85717,0,2594,7884,1,0,0,0.0,0.0,0.0,,0.0,0.000771,0.0
SMAP,D-6,0.001,cusum,167.213,0,2594,7884,1,1,0,1.0,1.0,1.0,0,0.0,0.000771,0.986031
SMAP,D-6,0.0,oes32,2.28832,0,2594,7884,1,0,0,0.0,0.0,0.0,,0.0,0.0,0.0
SMAP,D-6,0.0,maxabs,2.45626,0,2594,7884,1,0,0,0.0,0.0,0.0,,0.0,0.0,0.0
SMAP,D-6,0.0,zscore,2.45626,0,2594,7884,1,0,0,0.0,0.0,0.0,,0.0,0.0,0.0
SMAP,D-6,0.0,ewma,7.0122,0,2594,7884,1,0,0,0.0,0.0,0.0,,0.0,0.0,0.0
SMAP,D-6,0.0,cusum,167.241,0,2594,7884,1,1,0,1.0,1.0,1.0,0,0.0,0.0,0.986031
SMAP,D-7,0.01,oes32,4.94066e-324,1,2583,7642,1,1,0,1.0,1.0,1.0,98,0.0,0.0,0.0
SMAP,D-7,0.01,maxabs,4.94066e-324,1,2583,7642,1,1,0,1.0,1.0,1.0,98,0.0,0.0,0.0
SMAP,D-7,0.01,zscore,4.94066e-324,1,2583,7642,1,1,0,1.0,1.0,1.0,98,0.0,0.0,0.0
SMAP,D-7,0.01,ewma,4.94066e-324,1,2583,7642,1,1,0,1.0,1.0,1.0,98,0.0,0.0,0.0
SMAP,D-7,0.01,cusum,4.94066e-324,1,2583,7642,1,1,0,1.0,1.0,1.0,98,0.0,0.0,0.0
SMAP,D-7,0.001,oes32,4.94066e-324,1,2583,7642,1,1,0,1.0,1.0,1.0,98,0.0,0.0,0.0
SMAP,D-7,0.001,maxabs,4.94066e-324,1,2583,7642,1,1,0,1.0,1.0,1.0,98,0.0,0.0,0.0
SMAP,D-7,0.001,zscore,4.94066e-324,1,2583,7642,1,1,0,1.0,1.0,1.0,98,0.0,0.0,0.0
SMAP,D-7,0.001,ewma,4.94066e-324,1,2583,7642,1,1,0,1.0,1.0,1.0,98,0.0,0.0,0.0
SMAP,D-7,0.001,cusum,4.94066e-324,1,2583,7642,1,1,0,1.0,1.0,1.0,98,0.0,0.0,0.0
SMAP,D-7,0.0,oes32,4.94066e-324,1,2583,7642,1,1,0,1.0,1.0,1.0,98,0.0,0.0,0.0
SMAP,D-7,0.0,maxabs,4.94066e-324,1,2583,7642,1,1,0,1.0,1.0,1.0,98,0.0,0.0,0.0
SMAP,D-7,0.0,zscore,4.94066e-324,1,2583,7642,1,1,0,1.0,1.0,1.0,98,0.0,0.0,0.0
SMAP,D-7,0.0,ewma,4.94066e-324,1,2583,7642,1,1,0,1.0,1.0,1.0,98,0.0,0.0,0.0
SMAP,D-7,0.0,cusum,4.94066e-324,1,2583,7642,1,1,0,1.0,1.0,1.0,98,0.0,0.0,0.0
SMAP,D-8,0.01,oes32,4.94066e-324,1,2602,7874,1,1,0,1.0,1.0,1.0,16,0.0,0.0,0.0
SMAP,D-8,0.01,maxabs,4.94066e-324,1,2602,7874,1,1,0,1.0,1.0,1.0,16,0.0,0.0,0.0
SMAP,D-8,0.01,zscore,4.94066e-324,1,2602,7874,1,1,0,1.0,1.0,1.0,16,0.0,0.0,0.0
SMAP,D-8,0.01,ewma,4.94066e-324,1,2602,7874,1,1,0,1.0,1.0,1.0,16,0.0,0.0,0.441391
SMAP,D-8,0.01,cusum,4.94066e-324,1,2602,7874,1,1,0,1.0,1.0,1.0,16,0.0,0.0,0.441391
SMAP,D-8,0.001,oes32,4.94066e-324,1,2602,7874,1,1,0,1.0,1.0,1.0,16,0.0,0.0,0.0
SMAP,D-8,0.001,maxabs,4.94066e-324,1,2602,7874,1,1,0,1.0,1.0,1.0,16,0.0,0.0,0.0
SMAP,D-8,0.001,zscore,4.94066e-324,1,2602,7874,1,1,0,1.0,1.0,1.0,16,0.0,0.0,0.0
SMAP,D-8,0.001,ewma,4.94066e-324,1,2602,7874,1,1,0,1.0,1.0,1.0,16,0.0,0.0,0.441391
SMAP,D-8,0.001,cusum,4.94066e-324,1,2602,7874,1,1,0,1.0,1.0,1.0,16,0.0,0.0,0.441391
SMAP,D-8,0.0,oes32,4.94066e-324,1,2602,7874,1,1,0,1.0,1.0,1.0,16,0.0,0.0,0.0
SMAP,D-8,0.0,maxabs,4.94066e-324,1,2602,7874,1,1,0,1.0,1.0,1.0,16,0.0,0.0,0.0
SMAP,D-8,0.0,zscore,4.94066e-324,1,2602,7874,1,1,0,1.0,1.0,1.0,16,0.0,0.0,0.0
SMAP,D-8,0.0,ewma,4.94066e-324,1,2602,7874,1,1,0,1.0,1.0,1.0,16,0.0,0.0,0.441391
SMAP,D-8,0.0,cusum,4.94066e-324,1,2602,7874,1,1,0,1.0,1.0,1.0,16,0.0,0.0,0.441391
SMAP,D-9,0.01,oes32,4.94066e-324,1,2583,7406,1,1,0,1.0,1.0,1.0,223,0.0,0.0,0.0
SMAP,D-9,0.01,maxabs,4.94066e-324,1,2583,7406,1,1,0,1.0,1.0,1.0,223,0.0,0.0,0.0
SMAP,D-9,0.01,zscore,4.94066e-324,1,2583,7406,1,1,0,1.0,1.0,1.0,223,0.0,0.0,0.0
SMAP,D-9,0.01,ewma,4.94066e-324,1,2583,7406,1,1,0,1.0,1.0,1.0,223,0.0,0.0,0.0
SMAP,D-9,0.01,cusum,4.94066e-324,1,2583,7406,1,1,0,1.0,1.0,1.0,223,0.0,0.0,0.0
SMAP,D-9,0.001,oes32,4.94066e-324,1,2583,7406,1,1,0,1.0,1.0,1.0,223,0.0,0.0,0.0
SMAP,D-9,0.001,maxabs,4.94066e-324,1,2583,7406,1,1,0,1.0,1.0,1.0,223,0.0,0.0,0.0
SMAP,D-9,0.001,zscore,4.94066e-324,1,2583,7406,1,1,0,1.0,1.0,1.0,223,0.0,0.0,0.0
SMAP,D-9,0.001,ewma,4.94066e-324,1,2583,7406,1,1,0,1.0,1.0,1.0,223,0.0,0.0,0.0
SMAP,D-9,0.001,cusum,4.94066e-324,1,2583,7406,1,1,0,1.0,1.0,1.0,223,0.0,0.0,0.0
SMAP,D-9,0.0,oes32,4.94066e-324,1,2583,7406,1,1,0,1.0,1.0,1.0,223,0.0,0.0,0.0
SMAP,D-9,0.0,maxabs,4.94066e-324,1,2583,7406,1,1,0,1.0,1.0,1.0,223,0.0,0.0,0.0
SMAP,D-9,0.0,zscore,4.94066e-324,1,2583,7406,1,1,0,1.0,1.0,1.0,223,0.0,0.0,0.0
SMAP,D-9,0.0,ewma,4.94066e-324,1,2583,7406,1,1,0,1.0,1.0,1.0,223,0.0,0.0,0.0
SMAP,D-9,0.0,cusum,4.94066e-324,1,2583,7406,1,1,0,1.0,1.0,1.0,223,0.0,0.0,0.0
SMAP,E-1,0.01,oes32,1.60682,0,2880,8516,2,2,1,0.666667,1.0,0.8,24,0.117426,0.003819,0.004745
SMAP,E-1,0.01,maxabs,1.95934,0,2880,8516,2,0,0,0.0,0.0,0.0,,0.0,0.0,0.0
SMAP,E-1,0.01,zscore,1.95934,0,2880,8516,2,0,0,0.0,0.0,0.0,,0.0,0.0,0.0
SMAP,E-1,0.01,ewma,5.55228,0,2880,8516,2,2,63,0.030769,1.0,0.059701,23,7.397839,0.009722,0.011239
SMAP,E-1,0.01,cusum,20.8799,0,2880,8516,2,2,48,0.04,1.0,0.076923,23,5.636449,0.006597,0.010365
SMAP,E-1,0.001,oes32,1.6764,0,2880,8516,2,1,1,0.5,0.5,0.5,27,0.117426,0.000694,0.003621
SMAP,E-1,0.001,maxabs,1.95934,0,2880,8516,2,0,0,0.0,0.0,0.0,,0.0,0.0,0.0
SMAP,E-1,0.001,zscore,1.95934,0,2880,8516,2,0,0,0.0,0.0,0.0,,0.0,0.0,0.0
SMAP,E-1,0.001,ewma,5.61745,0,2880,8516,2,1,16,0.058824,0.5,0.105263,24,1.878816,0.000694,0.002747
SMAP,E-1,0.001,cusum,21.8901,0,2880,8516,2,2,1,0.666667,1.0,0.8,24,0.117426,0.0,0.004121
SMAP,E-1,0.0,oes32,1.69439,0,2880,8516,2,1,1,0.5,0.5,0.5,27,0.117426,0.0,0.003621
SMAP,E-1,0.0,maxabs,1.95934,0,2880,8516,2,0,0,0.0,0.0,0.0,,0.0,0.0,0.0
SMAP,E-1,0.0,zscore,1.95934,0,2880,8516,2,0,0,0.0,0.0,0.0,,0.0,0.0,0.0
SMAP,E-1,0.0,ewma,5.6175,0,2880,8516,2,1,8,0.111111,0.5,0.181818,24,0.939408,0.0,0.001748
SMAP,E-1,0.0,cusum,21.8901,0,2880,8516,2,2,1,0.666667,1.0,0.8,24,0.117426,0.0,0.004121
SMAP,E-10,0.01,oes32,1.60922,0,2880,8505,2,2,6,0.25,1.0,0.4,24,0.705467,0.003819,0.013443
SMAP,E-10,0.01,maxabs,1.96363,0,2880,8505,2,0,0,0.0,0.0,0.0,,0.0,0.0,0.0
SMAP,E-10,0.01,zscore,1.96363,0,2880,8505,2,0,0,0.0,0.0,0.0,,0.0,0.0,0.0
SMAP,E-10,0.01,ewma,5.55161,0,2880,8505,2,2,75,0.025974,1.0,0.050633,22,8.818342,0.009722,0.011976
SMAP,E-10,0.01,cusum,20.8693,0,2880,8505,2,2,46,0.041667,1.0,0.08,23,5.408583,0.009375,0.088843
SMAP,E-10,0.001,oes32,1.67779,0,2880,8505,2,2,0,1.0,1.0,1.0,27,0.0,0.000694,0.0
SMAP,E-10,0.001,maxabs,1.96363,0,2880,8505,2,0,0,0.0,0.0,0.0,,0.0,0.0,0.0
SMAP,E-10,0.001,zscore,1.96363,0,2880,8505,2,0,0,0.0,0.0,0.0,,0.0,0.0,0.0
SMAP,E-10,0.001,ewma,5.61506,0,2880,8505,2,2,25,0.074074,1.0,0.137931,23,2.939447,0.000694,0.003055
SMAP,E-10,0.001,cusum,21.901,0,2880,8505,2,2,15,0.117647,1.0,0.210526,23,1.763668,0.000694,0.081388
SMAP,E-10,0.0,oes32,1.69576,0,2880,8505,2,2,0,1.0,1.0,1.0,27,0.0,0.0,0.0
SMAP,E-10,0.0,maxabs,1.96363,0,2880,8505,2,0,0,0.0,0.0,0.0,,0.0,0.0,0.0
SMAP,E-10,0.0,zscore,1.96363,0,2880,8505,2,0,0,0.0,0.0,0.0,,0.0,0.0,0.0
SMAP,E-10,0.0,ewma,5.61827,0,2880,8505,2,2,16,0.111111,1.0,0.2,24,1.881246,0.0,0.001955
SMAP,E-10,0.0,cusum,21.9117,0,2880,8505,2,2,6,0.25,1.0,0.4,24,0.705467,0.0,0.080288
SMAP,E-11,0.01,oes32,1.60876,0,2880,8514,2,2,1,0.666667,1.0,0.8,24,0.117454,0.006944,0.003285
SMAP,E-11,0.01,maxabs,1.96235,0,2880,8514,2,0,0,0.0,0.0,0.0,,0.0,0.0,0.0
SMAP,E-11,0.01,zscore,1.96235,0,2880,8514,2,0,0,0.0,0.0,0.0,,0.0,0.0,0.0
SMAP,E-11,0.01,ewma,5.55954,0,2880,8514,2,2,40,0.047619,1.0,0.090909,23,4.698144,0.009722,0.004867
SMAP,E-11,0.01,cusum,20.87,0,2880,8514,2,2,45,0.042553,1.0,0.081633,23,5.285412,0.009375,0.085655
SMAP,E-11,0.001,oes32,1.67731,0,2880,8514,2,2,0,1.0,1.0,1.0,27,0.0,0.000694,0.000608
SMAP,E-11,0.001,maxabs,1.96235,0,2880,8514,2,0,0,0.0,0.0,0.0,,0.0,0.0,0.0
SMAP,E-11,0.001,zscore,1.96235,0,2880,8514,2,0,0,0.0,0.0,0.0,,0.0,0.0,0.0
SMAP,E-11,0.001,ewma,5.62513,0,2880,8514,2,2,0,1.0,1.0,1.0,25,0.0,0.000694,0.0
SMAP,E-11,0.001,cusum,21.8986,0,2880,8514,2,2,0,1.0,1.0,1.0,24,0.0,0.000694,0.079937
SMAP,E-11,0.0,oes32,1.69528,0,2880,8514,2,2,0,1.0,1.0,1.0,28,0.0,0.0,0.000487
SMAP,E-11,0.0,maxabs,1.96235,0,2880,8514,2,0,0,0.0,0.0,0.0,,0.0,0.0,0.0
SMAP,E-11,0.0,zscore,1.96235,0,2880,8514,2,0,0,0.0,0.0,0.0,,0.0,0.0,0.0
SMAP,E-11,0.0,ewma,5.62568,0,2880,8514,2,2,0,1.0,1.0,1.0,25,0.0,0.0,0.0
SMAP,E-11,0.0,cusum,21.9169,0,2880,8514,2,2,0,1.0,1.0,1.0,24,0.0,0.0,0.079937
SMAP,E-12,0.01,oes32,1.60682,0,2880,8512,2,1,1,0.5,0.5,0.5,24,0.117481,0.003819,0.002018
SMAP,E-12,0.01,maxabs,1.95934,0,2880,8512,2,0,0,0.0,0.0,0.0,,0.0,0.0,0.0
SMAP,E-12,0.01,zscore,1.95934,0,2880,8512,2,0,0,0.0,0.0,0.0,,0.0,0.0,0.0
SMAP,E-12,0.01,ewma,5.55228,0,2880,8512,2,2,64,0.030303,1.0,0.058824,23,7.518797,0.009722,0.010594
SMAP,E-12,0.01,cusum,20.8799,0,2880,8512,2,2,51,0.037736,1.0,0.072727,23,5.991541,0.006597,0.007946
SMAP,E-12,0.001,oes32,1.6764,0,2880,8512,2,1,0,1.0,0.5,0.666667,27,0.0,0.000694,0.0
SMAP,E-12,0.001,maxabs,1.95934,0,2880,8512,2,0,0,0.0,0.0,0.0,,0.0,0.0,0.0
SMAP,E-12,0.001,zscore,1.95934,0,2880,8512,2,0,0,0.0,0.0,0.0,,0.0,0.0,0.0
SMAP,E-12,0.001,ewma,5.61745,0,2880,8512,2,1,15,0.0625,0.5,0.111111,24,1.762218,0.000694,0.001892
SMAP,E-12,0.001,cusum,21.8901,0,2880,8512,2,1,1,0.5,0.5,0.5,24,0.117481,0.0,0.001261
SMAP,E-12,0.0,oes32,1.69439,0,2880,8512,2,1,0,1.0,0.5,0.666667,27,0.0,0.0,0.0
SMAP,E-12,0.0,maxabs,1.95934,0,2880,8512,2,0,0,0.0,0.0,0.0,,0.0,0.0,0.0
SMAP,E-12,0.0,zscore,1.95934,0,2880,8512,2,0,0,0.0,0.0,0.0,,0.0,0.0,0.0
SMAP,E-12,0.0,ewma,5.6175,0,2880,8512,2,1,7,0.125,0.5,0.2,24,0.822368,0.0,0.000883
SMAP,E-12,0.0,cusum,21.8901,0,2880,8512,2,1,1,0.5,0.5,0.5,24,0.117481,0.0,0.001261
SMAP,E-13,0.01,oes32,2.18845,0,2880,8640,3,2,4,0.333333,0.666667,0.444444,101,0.462963,0.009722,0.004656
SMAP,E-13,0.01,maxabs,2.93414,0,2880,8640,3,0,0,0.0,0.0,0.0,,0.0,0.0,0.0
SMAP,E-13,0.01,zscore,2.73544,0,2880,8640,3,1,45,0.021739,0.333333,0.040816,91,5.208333,0.009722,0.017073
SMAP,E-13,0.01,ewma,6.8672,0,2880,8640,3,2,44,0.043478,0.666667,0.081633,96,5.092593,0.009722,0.01767
SMAP,E-13,0.01,cusum,23.2836,0,2880,8640,3,2,44,0.043478,0.666667,0.081633,98,5.092593,0.009722,0.023042
SMAP,E-13,0.001,oes32,2.69576,0,2880,8640,3,0,0,0.0,0.0,0.0,,0.0,0.000694,0.0
SMAP,E-13,0.001,maxabs,2.93414,0,2880,8640,3,0,0,0.0,0.0,0.0,,0.0,0.0,0.0
SMAP,E-13,0.001,zscore,2.90963,0,2880,8640,3,0,3,0.0,0.0,0.0,,0.347222,0.000694,0.000478
SMAP,E-13,0.001,ewma,7.44585,0,2880,8640,3,1,3,0.25,0.333333,0.285714,99,0.347222,0.000694,0.000716
SMAP,E-13,0.001,cusum,26.2323,0,2880,8640,3,2,16,0.111111,0.666667,0.190476,99,1.851852,0.000694,0.004417
SMAP,E-13,0.0,oes32,2.7022,0,2880,8640,3,0,0,0.0,0.0,0.0,,0.0,0.0,0.0
SMAP,E-13,0.0,maxabs,2.93414,0,2880,8640,3,0,0,0.0,0.0,0.0,,0.0,0.0,0.0
SMAP,E-13,0.0,zscore,2.93414,0,2880,8640,3,0,0,0.0,0.0,0.0,,0.0,0.0,0.0
SMAP,E-13,0.0,ewma,7.55513,0,2880,8640,3,0,0,0.0,0.0,0.0,,0.0,0.0,0.0
SMAP,E-13,0.0,cusum,26.9491,0,2880,8640,3,1,9,0.1,0.333333,0.153846,42,1.041667,0.0,0.002507
SMAP,E-2,0.01,oes32,1.80819,0,2880,8532,1,1,0,1.0,1.0,1.0,59,0.0,0.009722,0.0
SMAP,E-2,0.01,maxabs,2.54942,0,2880,8532,1,1,0,1.0,1.0,1.0,138,0.0,0.0,0.0
SMAP,E-2,0.01,zscore,2.39887,0,2880,8532,1,1,0,1.0,1.0,1.0,77,0.0,0.000347,0.0
SMAP,E-2,0.01,ewma,6.03579,0,2880,8532,1,1,0,1.0,1.0,1.0,64,0.0,0.009722,0.0
SMAP,E-2,0.01,cusum,39.2766,0,2880,8532,1,1,1,0.5,1.0,0.666667,53,0.117206,0.009722,0.000701
SMAP,E-2,0.001,oes32,1.88866,0,2880,8532,1,1,0,1.0,1.0,1.0,63,0.0,0.000694,0.0
SMAP,E-2,0.001,maxabs,2.54942,0,2880,8532,1,1,0,1.0,1.0,1.0,138,0.0,0.0,0.0
SMAP,E-2,0.001,zscore,2.39887,0,2880,8532,1,1,0,1.0,1.0,1.0,77,0.0,0.000347,0.0
SMAP,E-2,0.001,ewma,6.41918,0,2880,8532,1,1,0,1.0,1.0,1.0,68,0.0,0.000694,0.0
SMAP,E-2,0.001,cusum,50.197,0,2880,8532,1,1,0,1.0,1.0,1.0,61,0.0,0.000694,0.0
SMAP,E-2,0.0,oes32,1.8898,0,2880,8532,1,1,0,1.0,1.0,1.0,63,0.0,0.0,0.0
SMAP,E-2,0.0,maxabs,2.54942,0,2880,8532,1,1,0,1.0,1.0,1.0,138,0.0,0.0,0.0
SMAP,E-2,0.0,zscore,2.54942,0,2880,8532,1,1,0,1.0,1.0,1.0,138,0.0,0.0,0.0
SMAP,E-2,0.0,ewma,6.50183,0,2880,8532,1,1,0,1.0,1.0,1.0,69,0.0,0.0,0.0
SMAP,E-2,0.0,cusum,50.8529,0,2880,8532,1,1,0,1.0,1.0,1.0,61,0.0,0.0,0.0
SMAP,E-3,0.01,oes32,2.36415,0,2880,8307,1,1,0,1.0,1.0,1.0,697,0.0,0.009722,0.0
SMAP,E-3,0.01,maxabs,2.7184,0,2880,8307,1,0,0,0.0,0.0,0.0,,0.0,0.0,0.0
SMAP,E-3,0.01,zscore,2.11564,0,2880,8307,1,1,0,1.0,1.0,1.0,661,0.0,0.007292,0.0
SMAP,E-3,0.01,ewma,6.18145,0,2880,8307,1,1,1,0.5,1.0,0.666667,659,0.12038,0.009722,0.001963
SMAP,E-3,0.01,cusum,282.256,0,2880,8307,1,1,0,1.0,1.0,1.0,0,0.0,0.009722,0.942285
SMAP,E-3,0.001,oes32,2.54447,0,2880,8307,1,1,0,1.0,1.0,1.0,1268,0.0,0.0,0.0
SMAP,E-3,0.001,maxabs,2.7184,0,2880,8307,1,0,0,0.0,0.0,0.0,,0.0,0.0,0.0
SMAP,E-3,0.001,zscore,2.7184,0,2880,8307,1,0,0,0.0,0.0,0.0,,0.0,0.0,0.0
SMAP,E-3,0.001,ewma,7.95694,0,2880,8307,1,1,0,1.0,1.0,1.0,1331,0.0,0.000694,0.0
SMAP,E-3,0.001,cusum,289.831,0,2880,8307,1,1,0,1.0,1.0,1.0,0,0.0,0.000694,0.940911
SMAP,E-3,0.0,oes32,2.54447,0,2880,8307,1,1,0,1.0,1.0,1.0,1268,0.0,0.0,0.0
SMAP,E-3,0.0,maxabs,2.7184,0,2880,8307,1,0,0,0.0,0.0,0.0,,0.0,0.0,0.0
SMAP,E-3,0.0,zscore,2.7184,0,2880,8307,1,0,0,0.0,0.0,0.0,,0.0,0.0,0.0
SMAP,E-3,0.0,ewma,8.02831,0,2880,8307,1,1,0,1.0,1.0,1.0,1335,0.0,0.0,0.0
SMAP,E-3,0.0,cusum,289.857,0,2880,8307,1,1,0,1.0,1.0,1.0,0,0.0,0.0,0.940911
SMAP,E-4,0.01,oes32,2.2085,0,2880,8354,1,0,1,0.0,0.0,0.0,,0.119703,0.009722,0.005955
SMAP,E-4,0.01,maxabs,3.20153,0,2880,8354,1,0,0,0.0,0.0,0.0,,0.0,0.0,0.0
SMAP,E-4,0.01,zscore,2.84704,0,2880,8354,1,0,1,0.0,0.0,0.0,,0.119703,0.008333,0.000902
SMAP,E-4,0.01,ewma,6.25128,0,2880,8354,1,1,22,0.043478,1.0,0.083333,19,2.633469,0.009722,0.011909
SMAP,E-4,0.01,cusum,59.7058,0,2880,8354,1,1,0,1.0,1.0,1.0,0,0.0,0.009722,0.928185
SMAP,E-4,0.001,oes32,2.26155,0,2880,8354,1,0,1,0.0,0.0,0.0,,0.119703,0.000694,0.005955
SMAP,E-4,0.001,maxabs,3.20153,0,2880,8354,1,0,0,0.0,0.0,0.0,,0.0,0.0,0.0
SMAP,E-4,0.001,zscore,3.13488,0,2880,8354,1,0,1,0.0,0.0,0.0,,0.119703,0.000694,0.00018
SMAP,E-4,0.001,ewma,7.03661,0,2880,8354,1,0,1,0.0,0.0,0.0,,0.119703,0.000694,0.001444
SMAP,E-4,0.001,cusum,62.633,0,2880,8354,1,1,0,1.0,1.0,1.0,0,0.0,0.000694,0.927643
SMAP,E-4,0.0,oes32,2.262,0,2880,8354,1,0,1,0.0,0.0,0.0,,0.119703,0.0,0.005955
SMAP,E-4,0.0,maxabs,3.20153,0,2880,8354,1,0,0,0.0,0.0,0.0,,0.0,0.0,0.0
SMAP,E-4,0.0,zscore,3.20153,0,2880,8354,1,0,0,0.0,0.0,0.0,,0.0,0.0,0.0
SMAP,E-4,0.0,ewma,7.11627,0,2880,8354,1,0,1,0.0,0.0,0.0,,0.119703,0.0,0.001444
SMAP,E-4,0.0,cusum,63.2014,0,2880,8354,1,1,0,1.0,1.0,1.0,0,0.0,0.0,0.927463
SMAP,E-5,0.01,oes32,1.60682,0,2880,8294,1,0,0,0.0,0.0,0.0,,0.0,0.003819,0.0
SMAP,E-5,0.01,maxabs,1.95934,0,2880,8294,1,0,0,0.0,0.0,0.0,,0.0,0.0,0.0
SMAP,E-5,0.01,zscore,1.95934,0,2880,8294,1,0,0,0.0,0.0,0.0,,0.0,0.0,0.0
SMAP,E-5,0.01,ewma,5.55228,0,2880,8294,1,0,0,0.0,0.0,0.0,,0.0,0.009722,0.0
SMAP,E-5,0.01,cusum,20.8799,0,2880,8294,1,0,0,0.0,0.0,0.0,,0.0,0.006597,0.0
SMAP,E-5,0.001,oes32,1.6764,0,2880,8294,1,0,0,0.0,0.0,0.0,,0.0,0.000694,0.0
SMAP,E-5,0.001,maxabs,1.95934,0,2880,8294,1,0,0,0.0,0.0,0.0,,0.0,0.0,0.0
SMAP,E-5,0.001,zscore,1.95934,0,2880,8294,1,0,0,0.0,0.0,0.0,,0.0,0.0,0.0
SMAP,E-5,0.001,ewma,5.61745,0,2880,8294,1,0,0,0.0,0.0,0.0,,0.0,0.000694,0.0
SMAP,E-5,0.001,cusum,21.8901,0,2880,8294,1,0,0,0.0,0.0,0.0,,0.0,0.0,0.0
SMAP,E-5,0.0,oes32,1.69439,0,2880,8294,1,0,0,0.0,0.0,0.0,,0.0,0.0,0.0
SMAP,E-5,0.0,maxabs,1.95934,0,2880,8294,1,0,0,0.0,0.0,0.0,,0.0,0.0,0.0
SMAP,E-5,0.0,zscore,1.95934,0,2880,8294,1,0,0,0.0,0.0,0.0,,0.0,0.0,0.0
SMAP,E-5,0.0,ewma,5.6175,0,2880,8294,1,0,0,0.0,0.0,0.0,,0.0,0.0,0.0
SMAP,E-5,0.0,cusum,21.8901,0,2880,8294,1,0,0,0.0,0.0,0.0,,0.0,0.0,0.0
SMAP,E-6,0.01,oes32,1.91441,0,2880,8300,1,1,5,0.166667,1.0,0.285714,5,0.60241,0.001736,0.012388
SMAP,E-6,0.01,maxabs,2.61222,0,2880,8300,1,1,0,1.0,1.0,1.0,5,0.0,0.0,0.0
SMAP,E-6,0.01,zscore,2.61222,0,2880,8300,1,1,0,1.0,1.0,1.0,5,0.0,0.0,0.0
SMAP,E-6,0.01,ewma,6.63077,0,2880,8300,1,1,83,0.011905,1.0,0.023529,5,10.0,0.009722,0.017731
SMAP,E-6,0.01,cusum,19.3569,0,2880,8300,1,1,5,0.166667,1.0,0.285714,0,0.60241,0.009722,0.935876
SMAP,E-6,0.001,oes32,1.93974,0,2880,8300,1,1,1,0.5,1.0,0.666667,5,0.120482,0.000694,0.003036
SMAP,E-6,0.001,maxabs,2.61222,0,2880,8300,1,1,0,1.0,1.0,1.0,5,0.0,0.0,0.0
SMAP,E-6,0.001,zscore,2.61222,0,2880,8300,1,1,0,1.0,1.0,1.0,5,0.0,0.0,0.0
SMAP,E-6,0.001,ewma,6.87206,0,2880,8300,1,1,54,0.018182,1.0,0.035714,5,6.506024,0.000694,0.007651
SMAP,E-6,0.001,cusum,21.1222,0,2880,8300,1,1,7,0.125,1.0,0.222222,0,0.843373,0.0,0.930775
SMAP,E-6,0.0,oes32,1.98138,0,2880,8300,1,1,1,0.5,1.0,0.666667,5,0.120482,0.0,0.002793
SMAP,E-6,0.0,maxabs,2.61222,0,2880,8300,1,1,0,1.0,1.0,1.0,5,0.0,0.0,0.0
SMAP,E-6,0.0,zscore,2.61222,0,2880,8300,1,1,0,1.0,1.0,1.0,5,0.0,0.0,0.0
SMAP,E-6,0.0,ewma,6.87342,0,2880,8300,1,1,53,0.018519,1.0,0.036364,5,6.385542,0.0,0.007408
SMAP,E-6,0.0,cusum,21.1222,0,2880,8300,1,1,7,0.125,1.0,0.222222,0,0.843373,0.0,0.930775
SMAP,E-7,0.01,oes32,2.04803,0,2769,8310,1,1,8,0.111111,1.0,0.2,46,0.962696,0.009751,0.01644
SMAP,E-7,0.01,maxabs,3.29547,0,2769,8310,1,1,2,0.333333,1.0,0.5,46,0.240674,0.0,0.007971
SMAP,E-7,0.01,zscore,2.1735,0,2769,8310,1,1,41,0.02381,1.0,0.046512,43,4.933815,0.004334,0.005106
SMAP,E-7,0.01,ewma,4.6605,0,2769,8310,1,1,23,0.041667,1.0,0.08,46,2.76775,0.009751,0.00548
SMAP,E-7,0.01,cusum,15.0704,0,2769,8310,1,1,15,0.0625,1.0,0.117647,46,1.805054,0.009751,0.257691
SMAP,E-7,0.001,oes32,2.15267,0,2769,8310,1,1,3,0.25,1.0,0.4,46,0.361011,0.000361,0.006227
SMAP,E-7,0.001,maxabs,3.29547,0,2769,8310,1,1,2,0.333333,1.0,0.5,46,0.240674,0.0,0.007971
SMAP,E-7,0.001,zscore,2.62229,0,2769,8310,1,1,9,0.1,1.0,0.181818,46,1.083032,0.000722,0.001121
SMAP,E-7,0.001,ewma,4.82065,0,2769,8310,1,1,4,0.2,1.0,0.333333,46,0.481348,0.000722,0.001495
SMAP,E-7,0.001,cusum,16.6506,0,2769,8310,1,1,7,0.125,1.0,0.222222,46,0.842359,0.000722,0.254204
SMAP,E-7,0.0,oes32,2.15596,0,2769,8310,1,1,3,0.25,1.0,0.4,46,0.361011,0.0,0.006227
SMAP,E-7,0.0,maxabs,3.29547,0,2769,8310,1,1,2,0.333333,1.0,0.5,46,0.240674,0.0,0.007971
SMAP,E-7,0.0,zscore,3.29547,0,2769,8310,1,1,2,0.333333,1.0,0.5,46,0.240674,0.0,0.000249
SMAP,E-7,0.0,ewma,4.88612,0,2769,8310,1,1,2,0.333333,1.0,0.5,46,0.240674,0.0,0.001245
SMAP,E-7,0.0,cusum,17.1555,0,2769,8310,1,1,3,0.25,1.0,0.4,46,0.361011,0.0,0.253581
SMAP,E-8,0.01,oes32,1.87955,0,2880,8532,1,1,0,1.0,1.0,1.0,273,0.0,0.009722,0.0
SMAP,E-8,0.01,maxabs,2.50691,0,2880,8532,1,1,0,1.0,1.0,1.0,347,0.0,0.0,0.0
SMAP,E-8,0.01,zscore,2.28078,0,2880,8532,1,1,0,1.0,1.0,1.0,280,0.0,0.002431,0.0
SMAP,E-8,0.01,ewma,5.69264,0,2880,8532,1,1,0,1.0,1.0,1.0,270,0.0,0.009722,0.0
SMAP,E-8,0.01,cusum,69.2241,0,2880,8532,1,1,2,0.333333,1.0,0.5,285,0.234412,0.009722,0.290176
SMAP,E-8,0.001,oes32,1.93458,0,2880,8532,1,1,0,1.0,1.0,1.0,275,0.0,0.000694,0.0
SMAP,E-8,0.001,maxabs,2.50691,0,2880,8532,1,1,0,1.0,1.0,1.0,347,0.0,0.0,0.0
SMAP,E-8,0.001,zscore,2.50691,0,2880,8532,1,1,0,1.0,1.0,1.0,347,0.0,0.0,0.0
SMAP,E-8,0.001,ewma,6.389,0,2880,8532,1,1,0,1.0,1.0,1.0,278,0.0,0.000694,0.0
SMAP,E-8,0.001,cusum,72.626,0,2880,8532,1,1,2,0.333333,1.0,0.5,287,0.234412,0.000694,0.287141
SMAP,E-8,0.0,oes32,1.93583,0,2880,8532,1,1,0,1.0,1.0,1.0,275,0.0,0.0,0.0
SMAP,E-8,0.0,maxabs,2.50691,0,2880,8532,1,1,0,1.0,1.0,1.0,347,0.0,0.0,0.0
SMAP,E-8,0.0,zscore,2.50691,0,2880,8532,1,1,0,1.0,1.0,1.0,347,0.0,0.0,0.0
SMAP,E-8,0.0,ewma,6.47967,0,2880,8532,1,1,0,1.0,1.0,1.0,280,0.0,0.0,0.0
SMAP,E-8,0.0,cusum,72.7456,0,2880,8532,1,1,2,0.333333,1.0,0.5,287,0.234412,0.0,0.287141
SMAP,E-9,0.01,oes32,1.75803,0,2880,8302,1,0,0,0.0,0.0,0.0,,0.0,0.009722,0.0
SMAP,E-9,0.01,maxabs,2.1174,0,2880,8302,1,0,0,0.0,0.0,0.0,,0.0,0.0,0.0
SMAP,E-9,0.01,zscore,1.74127,0,2880,8302,1,1,0,1.0,1.0,1.0,66,0.0,0.005556,0.0
SMAP,E-9,0.01,ewma,5.1541,0,2880,8302,1,0,0,0.0,0.0,0.0,,0.0,0.009722,0.0
SMAP,E-9,0.01,cusum,122.873,0,2880,8302,1,1,0,1.0,1.0,1.0,349,0.0,0.009722,0.301975
SMAP,E-9,0.001,oes32,1.78488,0,2880,8302,1,0,0,0.0,0.0,0.0,,0.0,0.0,0.0
SMAP,E-9,0.001,maxabs,2.1174,0,2880,8302,1,0,0,0.0,0.0,0.0,,0.0,0.0,0.0
SMAP,E-9,0.001,zscore,2.1174,0,2880,8302,1,0,0,0.0,0.0,0.0,,0.0,0.0,0.0
SMAP,E-9,0.001,ewma,5.68979,0,2880,8302,1,0,0,0.0,0.0,0.0,,0.0,0.000694,0.0
SMAP,E-9,0.001,cusum,127.437,0,2880,8302,1,0,1,0.0,0.0,0.0,,0.120453,0.000694,0.301346
SMAP,E-9,0.0,oes32,1.78488,0,2880,8302,1,0,0,0.0,0.0,0.0,,0.0,0.0,0.0
SMAP,E-9,0.0,maxabs,2.1174,0,2880,8302,1,0,0,0.0,0.0,0.0,,0.0,0.0,0.0
SMAP,E-9,0.0,zscore,2.1174,0,2880,8302,1,0,0,0.0,0.0,0.0,,0.0,0.0,0.0
SMAP,E-9,0.0,ewma,5.82227,0,2880,8302,1,0,0,0.0,0.0,0.0,,0.0,0.0,0.0
SMAP,E-9,0.0,cusum,127.644,0,2880,8302,1,0,1,0.0,0.0,0.0,,0.120453,0.0,0.301346
SMAP,F-1,0.01,oes32,3.30617,0,2869,8584,1,0,2,0.0,0.0,0.0,,0.232992,0.009759,0.00165
SMAP,F-1,0.01,maxabs,5.55387,0,2869,8584,1,0,0,0.0,0.0,0.0,,0.0,0.0,0.0
SMAP,F-1,0.01,zscore,3.65085,0,2869,8584,1,1,43,0.022727,1.0,0.044444,28,5.00932,0.009759,0.00554
SMAP,F-1,0.01,ewma,4.02763,0,2869,8584,1,0,31,0.0,0.0,0.0,,3.61137,0.009759,0.007191
SMAP,F-1,0.01,cusum,13.839,0,2869,8584,1,0,4,0.0,0.0,0.0,,0.465983,0.009759,0.003536
SMAP,F-1,0.001,oes32,3.45881,0,2869,8584,1,0,0,0.0,0.0,0.0,,0.0,0.000697,0.0
SMAP,F-1,0.001,maxabs,5.55387,0,2869,8584,1,0,0,0.0,0.0,0.0,,0.0,0.0,0.0
SMAP,F-1,0.001,zscore,4.38856,0,2869,8584,1,0,3,0.0,0.0,0.0,,0.349487,0.000697,0.000354
SMAP,F-1,0.001,ewma,6.63618,0,2869,8584,1,0,1,0.0,0.0,0.0,,0.116496,0.000697,0.000589
SMAP,F-1,0.001,cusum,21.4726,0,2869,8584,1,0,1,0.0,0.0,0.0,,0.116496,0.000697,0.00165
SMAP,F-1,0.0,oes32,3.4617,0,2869,8584,1,0,0,0.0,0.0,0.0,,0.0,0.0,0.0
SMAP,F-1,0.0,maxabs,5.55387,0,2869,8584,1,0,0,0.0,0.0,0.0,,0.0,0.0,0.0
SMAP,F-1,0.0,zscore,5.55387,0,2869,8584,1,0,0,0.0,0.0,0.0,,0.0,0.0,0.0
SMAP,F-1,0.0,ewma,8.62358,0,2869,8584,1,0,1,0.0,0.0,0.0,,0.116496,0.0,0.000236
SMAP,F-1,0.0,cusum,22.3949,0,2869,8584,1,0,2,0.0,0.0,0.0,,0.232992,0.0,0.001415
SMAP,F-2,0.01,oes32,3.21712,0,2861,8626,1,1,0,1.0,1.0,1.0,1144,0.0,0.009787,0.0
SMAP,F-2,0.01,maxabs,5.55737,0,2861,8626,1,1,0,1.0,1.0,1.0,1144,0.0,0.0,0.0
SMAP,F-2,0.01,zscore,4.6901,0,2861,8626,1,1,0,1.0,1.0,1.0,10,0.0,0.009787,0.0
SMAP,F-2,0.01,ewma,4.34415,0,2861,8626,1,1,0,1.0,1.0,1.0,10,0.0,0.009787,0.0
SMAP,F-2,0.01,cusum,11.3059,0,2861,8626,1,1,0,1.0,1.0,1.0,444,0.0,0.009787,0.0
SMAP,F-2,0.001,oes32,3.33185,0,2861,8626,1,1,0,1.0,1.0,1.0,1144,0.0,0.000699,0.0
SMAP,F-2,0.001,maxabs,5.55737,0,2861,8626,1,1,0,1.0,1.0,1.0,1144,0.0,0.0,0.0
SMAP,F-2,0.001,zscore,5.41179,0,2861,8626,1,1,0,1.0,1.0,1.0,1144,0.0,0.000699,0.0
SMAP,F-2,0.001,ewma,6.43959,0,2861,8626,1,1,0,1.0,1.0,1.0,445,0.0,0.000699,0.0
SMAP,F-2,0.001,cusum,19.5439,0,2861,8626,1,1,0,1.0,1.0,1.0,1141,0.0,0.000699,0.0
SMAP,F-2,0.0,oes32,3.33311,0,2861,8626,1,1,0,1.0,1.0,1.0,1144,0.0,0.0,0.0
SMAP,F-2,0.0,maxabs,5.55737,0,2861,8626,1,1,0,1.0,1.0,1.0,1144,0.0,0.0,0.0
SMAP,F-2,0.0,zscore,5.55737,0,2861,8626,1,1,0,1.0,1.0,1.0,1144,0.0,0.0,0.0
SMAP,F-2,0.0,ewma,7.14882,0,2861,8626,1,1,0,1.0,1.0,1.0,445,0.0,0.0,0.0
SMAP,F-2,0.0,cusum,21.0086,0,2861,8626,1,1,0,1.0,1.0,1.0,1142,0.0,0.0,0.0
SMAP,F-3,0.01,oes32,1.72189,0,2880,8376,1,0,2,0.0,0.0,0.0,,0.238777,0.009722,0.007319
SMAP,F-3,0.01,maxabs,1.73102,0,2880,8376,1,0,1,0.0,0.0,0.0,,0.119389,0.000347,0.00012
SMAP,F-3,0.01,zscore,1.71481,0,2880,8376,1,0,2,0.0,0.0,0.0,,0.238777,0.009722,0.009838
SMAP,F-3,0.01,ewma,5.09865,0,2880,8376,1,0,2,0.0,0.0,0.0,,0.238777,0.009722,0.016797
SMAP,F-3,0.01,cusum,630.691,0,2880,8376,1,0,2,0.0,0.0,0.0,,0.238777,0.009722,0.754409
SMAP,F-3,0.001,oes32,1.73036,0,2880,8376,1,0,1,0.0,0.0,0.0,,0.119389,0.000694,0.00084
SMAP,F-3,0.001,maxabs,1.73102,0,2880,8376,1,0,1,0.0,0.0,0.0,,0.119389,0.000347,0.00012
SMAP,F-3,0.001,zscore,1.72992,0,2880,8376,1,0,2,0.0,0.0,0.0,,0.238777,0.000694,0.00084
SMAP,F-3,0.001,ewma,5.17172,0,2880,8376,1,0,1,0.0,0.0,0.0,,0.119389,0.000694,0.0018
SMAP,F-3,0.001,cusum,630.805,0,2880,8376,1,0,2,0.0,0.0,0.0,,0.238777,0.000694,0.754409
SMAP,F-3,0.0,oes32,1.73102,0,2880,8376,1,0,0,0.0,0.0,0.0,,0.0,0.0,0.0
SMAP,F-3,0.0,maxabs,1.73112,0,2880,8376,1,0,0,0.0,0.0,0.0,,0.0,0.0,0.0
SMAP,F-3,0.0,zscore,1.73112,0,2880,8376,1,0,0,0.0,0.0,0.0,,0.0,0.0,0.0
SMAP,F-3,0.0,ewma,5.17894,0,2880,8376,1,0,1,0.0,0.0,0.0,,0.119389,0.0,0.00108
SMAP,F-3,0.0,cusum,630.806,0,2880,8376,1,0,2,0.0,0.0,0.0,,0.238777,0.0,0.754409
SMAP,G-1,0.01,oes32,1.90836,0,2820,8469,1,0,5,0.0,0.0,0.0,,0.590388,0.009929,0.014734
SMAP,G-1,0.01,maxabs,2.16767,0,2820,8469,1,0,0,0.0,0.0,0.0,,0.0,0.0,0.0
SMAP,G-1,0.01,zscore,1.99254,0,2820,8469,1,0,14,0.0,0.0,0.0,,1.653088,0.009929,0.007547
SMAP,G-1,0.01,ewma,5.54031,0,2820,8469,1,0,12,0.0,0.0,0.0,,1.416932,0.009929,0.01677
SMAP,G-1,0.01,cusum,244.375,0,2820,8469,1,1,1,0.5,1.0,0.666667,0,0.118078,0.009929,0.878055
SMAP,G-1,0.001,oes32,1.98848,0,2820,8469,1,0,4,0.0,0.0,0.0,,0.472311,0.000709,0.006948
SMAP,G-1,0.001,maxabs,2.16767,0,2820,8469,1,0,0,0.0,0.0,0.0,,0.0,0.0,0.0
SMAP,G-1,0.001,zscore,2.15335,0,2820,8469,1,0,2,0.0,0.0,0.0,,0.236155,0.000709,0.000479
SMAP,G-1,0.001,ewma,6.15754,0,2820,8469,1,0,3,0.0,0.0,0.0,,0.354233,0.000709,0.001198
SMAP,G-1,0.001,cusum,247.149,0,2820,8469,1,1,1,0.5,1.0,0.666667,0,0.118078,0.000709,0.876497
SMAP,G-1,0.0,oes32,1.99124,0,2820,8469,1,0,3,0.0,0.0,0.0,,0.354233,0.0,0.006349
SMAP,G-1,0.0,maxabs,2.16767,0,2820,8469,1,0,0,0.0,0.0,0.0,,0.0,0.0,0.0
SMAP,G-1,0.0,zscore,2.16767,0,2820,8469,1,0,0,0.0,0.0,0.0,,0.0,0.0,0.0
SMAP,G-1,0.0,ewma,6.20126,0,2820,8469,1,0,2,0.0,0.0,0.0,,0.236155,0.0,0.000839
SMAP,G-1,0.0,cusum,247.296,0,2820,8469,1,1,1,0.5,1.0,0.666667,0,0.118078,0.0,0.876497
SMAP,G-2,0.01,oes32,4.94066e-324,1,2478,7361,1,1,0,1.0,1.0,1.0,11,0.0,0.0,0.000273
SMAP,G-2,0.01,maxabs,4.94066e-324,1,2478,7361,1,1,0,1.0,1.0,1.0,11,0.0,0.0,0.000273
SMAP,G-2,0.01,zscore,4.94066e-324,1,2478,7361,1,1,0,1.0,1.0,1.0,11,0.0,0.0,0.0
SMAP,G-2,0.01,ewma,4.94066e-324,1,2478,7361,1,1,0,1.0,1.0,1.0,11,0.0,0.0,0.449454
SMAP,G-2,0.01,cusum,4.94066e-324,1,2478,7361,1,1,0,1.0,1.0,1.0,11,0.0,0.0,0.449454
SMAP,G-2,0.001,oes32,4.94066e-324,1,2478,7361,1,1,0,1.0,1.0,1.0,11,0.0,0.0,0.000273
SMAP,G-2,0.001,maxabs,4.94066e-324,1,2478,7361,1,1,0,1.0,1.0,1.0,11,0.0,0.0,0.000273
SMAP,G-2,0.001,zscore,4.94066e-324,1,2478,7361,1,1,0,1.0,1.0,1.0,11,0.0,0.0,0.0
SMAP,G-2,0.001,ewma,4.94066e-324,1,2478,7361,1,1,0,1.0,1.0,1.0,11,0.0,0.0,0.449454
SMAP,G-2,0.001,cusum,4.94066e-324,1,2478,7361,1,1,0,1.0,1.0,1.0,11,0.0,0.0,0.449454
SMAP,G-2,0.0,oes32,4.94066e-324,1,2478,7361,1,1,0,1.0,1.0,1.0,11,0.0,0.0,0.000273
SMAP,G-2,0.0,maxabs,4.94066e-324,1,2478,7361,1,1,0,1.0,1.0,1.0,11,0.0,0.0,0.000273
SMAP,G-2,0.0,zscore,4.94066e-324,1,2478,7361,1,1,0,1.0,1.0,1.0,11,0.0,0.0,0.0
SMAP,G-2,0.0,ewma,4.94066e-324,1,2478,7361,1,1,0,1.0,1.0,1.0,11,0.0,0.0,0.449454
SMAP,G-2,0.0,cusum,4.94066e-324,1,2478,7361,1,1,0,1.0,1.0,1.0,11,0.0,0.0,0.449454
SMAP,G-3,0.01,oes32,9.25146,0,2624,7907,1,0,0,0.0,0.0,0.0,,0.0,0.009527,0.0
SMAP,G-3,0.01,maxabs,12.7647,0,2624,7907,1,1,0,1.0,1.0,1.0,12,0.0,0.0,0.0
SMAP,G-3,0.01,zscore,0.0783111,0,2624,7907,1,1,1,0.5,1.0,0.666667,12,0.12647,0.006098,0.000127
SMAP,G-3,0.01,ewma,2.98153,0,2624,7907,1,1,0,1.0,1.0,1.0,12,0.0,0.009909,0.0
SMAP,G-3,0.01,cusum,181.778,0,2624,7907,1,0,0,0.0,0.0,0.0,,0.0,0.009909,0.0
SMAP,G-3,0.001,oes32,10.1876,0,2624,7907,1,0,0,0.0,0.0,0.0,,0.0,0.0,0.0
SMAP,G-3,0.001,maxabs,12.7647,0,2624,7907,1,1,0,1.0,1.0,1.0,12,0.0,0.0,0.0
SMAP,G-3,0.001,zscore,12.7647,0,2624,7907,1,1,0,1.0,1.0,1.0,12,0.0,0.0,0.0
SMAP,G-3,0.001,ewma,36.5996,0,2624,7907,1,0,0,0.0,0.0,0.0,,0.0,0.000762,0.0
SMAP,G-3,0.001,cusum,195.079,0,2624,7907,1,0,0,0.0,0.0,0.0,,0.0,0.000762,0.0
SMAP,G-3,0.0,oes32,10.1876,0,2624,7907,1,0,0,0.0,0.0,0.0,,0.0,0.0,0.0
SMAP,G-3,0.0,maxabs,12.7647,0,2624,7907,1,1,0,1.0,1.0,1.0,12,0.0,0.0,0.0
SMAP,G-3,0.0,zscore,12.7647,0,2624,7907,1,1,0,1.0,1.0,1.0,12,0.0,0.0,0.0
SMAP,G-3,0.0,ewma,37.2096,0,2624,7907,1,0,0,0.0,0.0,0.0,,0.0,0.0,0.0
SMAP,G-3,0.0,cusum,196.235,0,2624,7907,1,0,0,0.0,0.0,0.0,,0.0,0.0,0.0
SMAP,G-4,0.01,oes32,1.56355,0,2551,7632,1,1,1,0.5,1.0,0.666667,16,0.131027,0.009016,0.003289
SMAP,G-4,0.01,maxabs,1.65181,0,2551,7632,1,1,0,1.0,1.0,1.0,16,0.0,0.0,0.002368
SMAP,G-4,0.01,zscore,1.65181,0,2551,7632,1,1,0,1.0,1.0,1.0,16,0.0,0.0,0.0
SMAP,G-4,0.01,ewma,4.89593,0,2551,7632,1,1,31,0.03125,1.0,0.060606,16,4.061845,0.0098,0.01092
SMAP,G-4,0.01,cusum,25.4797,0,2551,7632,1,1,26,0.037037,1.0,0.071429,16,3.406709,0.008624,0.096698
SMAP,G-4,0.001,oes32,1.65181,0,2551,7632,1,1,0,1.0,1.0,1.0,16,0.0,0.000784,0.002368
SMAP,G-4,0.001,maxabs,1.65181,0,2551,7632,1,1,0,1.0,1.0,1.0,16,0.0,0.0,0.002368
SMAP,G-4,0.001,zscore,1.65181,0,2551,7632,1,1,0,1.0,1.0,1.0,16,0.0,0.0,0.0
SMAP,G-4,0.001,ewma,4.92984,0,2551,7632,1,1,3,0.25,1.0,0.4,16,0.393082,0.000784,0.003026
SMAP,G-4,0.001,cusum,28.8418,0,2551,7632,1,1,3,0.25,1.0,0.4,16,0.393082,0.000784,0.087225
SMAP,G-4,0.0,oes32,1.65181,0,2551,7632,1,1,0,1.0,1.0,1.0,16,0.0,0.0,0.002368
SMAP,G-4,0.0,maxabs,1.65181,0,2551,7632,1,1,0,1.0,1.0,1.0,16,0.0,0.0,0.002368
SMAP,G-4,0.0,zscore,1.65181,0,2551,7632,1,1,0,1.0,1.0,1.0,16,0.0,0.0,0.0
SMAP,G-4,0.0,ewma,4.93495,0,2551,7632,1,1,2,0.333333,1.0,0.5,16,0.262055,0.0,0.002631
SMAP,G-4,0.0,cusum,29.9469,0,2551,7632,1,1,2,0.333333,1.0,0.5,16,0.262055,0.0,0.086304
SMAP,G-6,0.01,oes32,1.72188,0,2881,8640,1,1,0,1.0,1.0,1.0,8,0.0,0.009719,0.004216
SMAP,G-6,0.01,maxabs,1.73113,0,2881,8640,1,0,0,0.0,0.0,0.0,,0.0,0.0,0.0
SMAP,G-6,0.01,zscore,1.7143,0,2881,8640,1,1,0,1.0,1.0,1.0,0,0.0,0.009719,0.013233
SMAP,G-6,0.01,ewma,5.0981,0,2881,8640,1,1,0,1.0,1.0,1.0,0,0.0,0.009719,0.036187
SMAP,G-6,0.01,cusum,631.014,0,2881,8640,1,1,0,1.0,1.0,1.0,0,0.0,0.009719,0.843073
SMAP,G-6,0.001,oes32,1.73047,0,2881,8640,1,0,0,0.0,0.0,0.0,,0.0,0.000694,0.0
SMAP,G-6,0.001,maxabs,1.73113,0,2881,8640,1,0,0,0.0,0.0,0.0,,0.0,0.0,0.0
SMAP,G-6,0.001,zscore,1.72993,0,2881,8640,1,1,0,1.0,1.0,1.0,52,0.0,0.000694,0.0
SMAP,G-6,0.001,ewma,5.17,0,2881,8640,1,1,0,1.0,1.0,1.0,13,0.0,0.000694,0.000937
SMAP,G-6,0.001,cusum,631.134,0,2881,8640,1,1,0,1.0,1.0,1.0,0,0.0,0.000694,0.842956
SMAP,G-6,0.0,oes32,1.73113,0,2881,8640,1,0,0,0.0,0.0,0.0,,0.0,0.0,0.0
SMAP,G-6,0.0,maxabs,1.73113,0,2881,8640,1,0,0,0.0,0.0,0.0,,0.0,0.0,0.0
SMAP,G-6,0.0,zscore,1.73113,0,2881,8640,1,0,0,0.0,0.0,0.0,,0.0,0.0,0.0
SMAP,G-6,0.0,ewma,5.17685,0,2881,8640,1,1,0,1.0,1.0,1.0,28,0.0,0.0,0.0
SMAP,G-6,0.0,cusum,631.135,0,2881,8640,1,1,0,1.0,1.0,1.0,0,0.0,0.0,0.842956
SMAP,G-7,0.01,oes32,6.21394,0,2446,8029,3,1,0,1.0,0.333333,0.5,23,0.0,0.0,0.001675
SMAP,G-7,0.01,maxabs,11.2666,0,2446,8029,3,0,0,0.0,0.0,0.0,,0.0,0.0,0.0
SMAP,G-7,0.01,zscore,0.0897615,0,2446,8029,3,3,34,0.081081,1.0,0.15,18,4.234649,0.008177,0.007344
SMAP,G-7,0.01,ewma,6.54454,0,2446,8029,3,3,20,0.130435,1.0,0.230769,19,2.49097,0.009812,0.002835
SMAP,G-7,0.01,cusum,19.7639,0,2446,8029,3,3,0,1.0,1.0,1.0,21,0.0,0.008585,0.118413
SMAP,G-7,0.001,oes32,6.21394,0,2446,8029,3,1,0,1.0,0.333333,0.5,23,0.0,0.0,0.001675
SMAP,G-7,0.001,maxabs,11.2666,0,2446,8029,3,0,0,0.0,0.0,0.0,,0.0,0.0,0.0
SMAP,G-7,0.001,zscore,11.2666,0,2446,8029,3,0,0,0.0,0.0,0.0,,0.0,0.0,0.0
SMAP,G-7,0.001,ewma,11.9956,0,2446,8029,3,3,0,1.0,1.0,1.0,22,0.0,0.000818,0.0
SMAP,G-7,0.001,cusum,21.5332,0,2446,8029,3,3,0,1.0,1.0,1.0,21,0.0,0.0,0.117639
SMAP,G-7,0.0,oes32,6.21394,0,2446,8029,3,1,0,1.0,0.333333,0.5,23,0.0,0.0,0.001675
SMAP,G-7,0.0,maxabs,11.2666,0,2446,8029,3,0,0,0.0,0.0,0.0,,0.0,0.0,0.0
SMAP,G-7,0.0,zscore,11.2666,0,2446,8029,3,0,0,0.0,0.0,0.0,,0.0,0.0,0.0
SMAP,G-7,0.0,ewma,11.9956,0,2446,8029,3,3,0,1.0,1.0,1.0,22,0.0,0.0,0.0
SMAP,G-7,0.0,cusum,21.5332,0,2446,8029,3,3,0,1.0,1.0,1.0,21,0.0,0.0,0.117639
SMAP,P-1,0.01,oes32,2.38862,0,2872,8505,3,0,6,0.0,0.0,0.0,,0.705467,0.009749,0.014315
SMAP,P-1,0.01,maxabs,3.54282,0,2872,8505,3,0,1,0.0,0.0,0.0,,0.117578,0.0,0.004127
SMAP,P-1,0.01,zscore,2.96084,0,2872,8505,3,2,37,0.051282,0.666667,0.095238,10,4.350382,0.009749,0.017023
SMAP,P-1,0.01,ewma,6.14848,0,2872,8505,3,2,35,0.054054,0.666667,0.1,13,4.115226,0.009749,0.015605
SMAP,P-1,0.01,cusum,21.35,0,2872,8505,3,3,22,0.12,1.0,0.214286,84,2.586714,0.009749,0.020248
SMAP,P-1,0.001,oes32,2.49522,0,2872,8505,3,0,1,0.0,0.0,0.0,,0.117578,0.000696,0.001548
SMAP,P-1,0.001,maxabs,3.54282,0,2872,8505,3,0,1,0.0,0.0,0.0,,0.117578,0.0,0.004127
SMAP,P-1,0.001,zscore,3.52665,0,2872,8505,3,0,1,0.0,0.0,0.0,,0.117578,0.000696,0.000129
SMAP,P-1,0.001,ewma,8.24097,0,2872,8505,3,0,1,0.0,0.0,0.0,,0.117578,0.000696,0.000129
SMAP,P-1,0.001,cusum,25.7346,0,2872,8505,3,2,5,0.285714,0.666667,0.4,93,0.587889,0.000696,0.003353
SMAP,P-1,0.0,oes32,2.4998,0,2872,8505,3,0,1,0.0,0.0,0.0,,0.117578,0.0,0.001419
SMAP,P-1,0.0,maxabs,3.54282,0,2872,8505,3,0,1,0.0,0.0,0.0,,0.117578,0.0,0.004127
SMAP,P-1,0.0,zscore,3.54282,0,2872,8505,3,0,1,0.0,0.0,0.0,,0.117578,0.0,0.000129
SMAP,P-1,0.0,ewma,8.69691,0,2872,8505,3,0,0,0.0,0.0,0.0,,0.0,0.0,0.0
SMAP,P-1,0.0,cusum,25.9429,0,2872,8505,3,2,5,0.285714,0.666667,0.4,94,0.587889,0.0,0.003224
SMAP,P-2,0.01,oes32,2.43437,0,2821,8209,1,1,14,0.066667,1.0,0.125,44,1.705445,0.009926,0.235396
SMAP,P-2,0.01,maxabs,3.6403,0,2821,8209,1,1,17,0.055556,1.0,0.105263,44,2.070898,0.0,0.085821
SMAP,P-2,0.01,zscore,2.2307,0,2821,8209,1,1,323,0.003086,1.0,0.006154,44,39.347058,0.008862,0.202365
SMAP,P-2,0.01,ewma,4.69236,0,2821,8209,1,1,27,0.035714,1.0,0.068966,44,3.289073,0.009926,0.255301
SMAP,P-2,0.01,cusum,26.4778,0,2821,8209,1,1,13,0.071429,1.0,0.133333,0,1.583628,0.009926,0.711525
SMAP,P-2,0.001,oes32,2.52311,0,2821,8209,1,1,27,0.035714,1.0,0.068966,44,3.289073,0.000709,0.210154
SMAP,P-2,0.001,maxabs,3.6403,0,2821,8209,1,1,17,0.055556,1.0,0.105263,44,2.070898,0.0,0.085821
SMAP,P-2,0.001,zscore,2.85717,0,2821,8209,1,1,199,0.005,1.0,0.00995,44,24.241686,0.000709,0.076302
SMAP,P-2,0.001,ewma,6.87482,0,2821,8209,1,1,101,0.009804,1.0,0.019417,44,12.303569,0.000709,0.156354
SMAP,P-2,0.001,cusum,30.7775,0,2821,8209,1,1,17,0.055556,1.0,0.105263,0,2.070898,0.000709,0.66984
SMAP,P-2,0.0,oes32,2.52563,0,2821,8209,1,1,26,0.037037,1.0,0.071429,44,3.167255,0.0,0.209145
SMAP,P-2,0.0,maxabs,3.6403,0,2821,8209,1,1,17,0.055556,1.0,0.105263,44,2.070898,0.0,0.085821
SMAP,P-2,0.0,zscore,3.6403,0,2821,8209,1,1,23,0.041667,1.0,0.08,44,2.801803,0.0,0.010818
SMAP,P-2,0.0,ewma,7.12856,0,2821,8209,1,1,97,0.010204,1.0,0.020202,44,11.816299,0.0,0.130679
SMAP,P-2,0.0,cusum,31.2553,0,2821,8209,1,1,27,0.035714,1.0,0.068966,0,3.289073,0.0,0.664647
SMAP,P-3,0.01,oes32,2.4198,0,2855,8493,1,1,0,1.0,1.0,1.0,42,0.0,0.009807,0.0
SMAP,P-3,0.01,maxabs,3.86452,0,2855,8493,1,0,0,0.0,0.0,0.0,,0.0,0.0,0.0
SMAP,P-3,0.01,zscore,2.35793,0,2855,8493,1,1,0,1.0,1.0,1.0,14,0.0,0.006305,0.0
SMAP,P-3,0.01,ewma,6.34211,0,2855,8493,1,1,0,1.0,1.0,1.0,1156,0.0,0.009807,0.0
SMAP,P-3,0.01,cusum,41.2477,0,2855,8493,1,0,0,0.0,0.0,0.0,,0.0,0.009807,0.0
SMAP,P-3,0.001,oes32,2.73509,0,2855,8493,1,0,0,0.0,0.0,0.0,,0.0,0.000701,0.0
SMAP,P-3,0.001,maxabs,3.86452,0,2855,8493,1,0,0,0.0,0.0,0.0,,0.0,0.0,0.0
SMAP,P-3,0.001,zscore,3.29955,0,2855,8493,1,1,0,1.0,1.0,1.0,16,0.0,0.00035,0.0
SMAP,P-3,0.001,ewma,6.88971,0,2855,8493,1,0,0,0.0,0.0,0.0,,0.0,0.000701,0.0
SMAP,P-3,0.001,cusum,43.0914,0,2855,8493,1,0,0,0.0,0.0,0.0,,0.0,0.000701,0.0
SMAP,P-3,0.0,oes32,2.74199,0,2855,8493,1,0,0,0.0,0.0,0.0,,0.0,0.0,0.0
SMAP,P-3,0.0,maxabs,3.86452,0,2855,8493,1,0,0,0.0,0.0,0.0,,0.0,0.0,0.0
SMAP,P-3,0.0,zscore,3.86452,0,2855,8493,1,0,0,0.0,0.0,0.0,,0.0,0.0,0.0
SMAP,P-3,0.0,ewma,7.16807,0,2855,8493,1,0,0,0.0,0.0,0.0,,0.0,0.0,0.0
SMAP,P-3,0.0,cusum,43.142,0,2855,8493,1,0,0,0.0,0.0,0.0,,0.0,0.0,0.0
SMAP,P-4,0.01,oes32,4.94066e-324,1,2609,7783,3,3,0,1.0,1.0,1.0,78,0.0,0.0,0.000136
SMAP,P-4,0.01,maxabs,4.94066e-324,1,2609,7783,3,3,0,1.0,1.0,1.0,78,0.0,0.0,0.000136
SMAP,P-4,0.01,zscore,4.94066e-324,1,2609,7783,3,3,0,1.0,1.0,1.0,78,0.0,0.0,0.0
SMAP,P-4,0.01,ewma,4.94066e-324,1,2609,7783,3,3,0,1.0,1.0,1.0,78,0.0,0.0,0.870572
SMAP,P-4,0.01,cusum,4.94066e-324,1,2609,7783,3,3,0,1.0,1.0,1.0,78,0.0,0.0,0.870572
SMAP,P-4,0.001,oes32,4.94066e-324,1,2609,7783,3,3,0,1.0,1.0,1.0,78,0.0,0.0,0.000136
SMAP,P-4,0.001,maxabs,4.94066e-324,1,2609,7783,3,3,0,1.0,1.0,1.0,78,0.0,0.0,0.000136
SMAP,P-4,0.001,zscore,4.94066e-324,1,2609,7783,3,3,0,1.0,1.0,1.0,78,0.0,0.0,0.0
SMAP,P-4,0.001,ewma,4.94066e-324,1,2609,7783,3,3,0,1.0,1.0,1.0,78,0.0,0.0,0.870572
SMAP,P-4,0.001,cusum,4.94066e-324,1,2609,7783,3,3,0,1.0,1.0,1.0,78,0.0,0.0,0.870572
SMAP,P-4,0.0,oes32,4.94066e-324,1,2609,7783,3,3,0,1.0,1.0,1.0,78,0.0,0.0,0.000136
SMAP,P-4,0.0,maxabs,4.94066e-324,1,2609,7783,3,3,0,1.0,1.0,1.0,78,0.0,0.0,0.000136
SMAP,P-4,0.0,zscore,4.94066e-324,1,2609,7783,3,3,0,1.0,1.0,1.0,78,0.0,0.0,0.0
SMAP,P-4,0.0,ewma,4.94066e-324,1,2609,7783,3,3,0,1.0,1.0,1.0,78,0.0,0.0,0.870572
SMAP,P-4,0.0,cusum,4.94066e-324,1,2609,7783,3,3,0,1.0,1.0,1.0,78,0.0,0.0,0.870572
SMAP,P-7,0.01,oes32,2.50821,0,2853,8071,1,1,2,0.333333,1.0,0.5,1087,0.247801,0.009814,0.005763
SMAP,P-7,0.01,maxabs,4.17186,0,2853,8071,1,0,0,0.0,0.0,0.0,,0.0,0.0,0.0
SMAP,P-7,0.01,zscore,2.05674,0,2853,8071,1,1,77,0.012821,1.0,0.025316,73,9.54033,0.009814,0.023053
SMAP,P-7,0.01,ewma,5.5052,0,2853,8071,1,1,38,0.025641,1.0,0.05,176,4.708215,0.009814,0.045016
SMAP,P-7,0.01,cusum,32.1459,0,2853,8071,1,1,13,0.071429,1.0,0.133333,150,1.610705,0.009814,0.566511
SMAP,P-7,0.001,oes32,2.59115,0,2853,8071,1,1,2,0.333333,1.0,0.5,1087,0.247801,0.000351,0.004984
SMAP,P-7,0.001,maxabs,4.17186,0,2853,8071,1,0,0,0.0,0.0,0.0,,0.0,0.0,0.0
SMAP,P-7,0.001,zscore,3.68376,0,2853,8071,1,1,2,0.333333,1.0,0.5,1087,0.247801,0.000701,0.000312
SMAP,P-7,0.001,ewma,5.82445,0,2853,8071,1,1,26,0.037037,1.0,0.071429,177,3.22141,0.000701,0.023209
SMAP,P-7,0.001,cusum,34.9584,0,2853,8071,1,1,12,0.076923,1.0,0.142857,362,1.486805,0.000701,0.551246
SMAP,P-7,0.0,oes32,2.59276,0,2853,8071,1,1,2,0.333333,1.0,0.5,1087,0.247801,0.0,0.004829
SMAP,P-7,0.0,maxabs,4.17186,0,2853,8071,1,0,0,0.0,0.0,0.0,,0.0,0.0,0.0
SMAP,P-7,0.0,zscore,4.17186,0,2853,8071,1,0,0,0.0,0.0,0.0,,0.0,0.0,0.0
SMAP,P-7,0.0,ewma,6.03632,0,2853,8071,1,1,22,0.043478,1.0,0.083333,819,2.725808,0.0,0.012617
SMAP,P-7,0.0,cusum,35.0514,0,2853,8071,1,1,12,0.076923,1.0,0.142857,364,1.486805,0.0,0.550935
SMAP,R-1,0.01,oes32,1.11022e-07,0,2874,7244,1,1,0,1.0,1.0,1.0,0,0.0,0.0,1.0
SMAP,R-1,0.01,maxabs,1.11022e-07,0,2874,7244,1,1,0,1.0,1.0,1.0,0,0.0,0.0,1.0
SMAP,R-1,0.01,zscore,1.11022e-07,0,2874,7244,1,1,0,1.0,1.0,1.0,0,0.0,0.0,1.0
SMAP,R-1,0.01,ewma,3.33067e-07,0,2874,7244,1,1,0,1.0,1.0,1.0,0,0.0,0.0,1.0
SMAP,R-1,0.01,cusum,4.94066e-324,0,2874,7244,1,1,0,1.0,1.0,1.0,0,0.0,0.0,1.0
SMAP,R-1,0.001,oes32,1.11022e-07,0,2874,7244,1,1,0,1.0,1.0,1.0,0,0.0,0.0,1.0
SMAP,R-1,0.001,maxabs,1.11022e-07,0,2874,7244,1,1,0,1.0,1.0,1.0,0,0.0,0.0,1.0
SMAP,R-1,0.001,zscore,1.11022e-07,0,2874,7244,1,1,0,1.0,1.0,1.0,0,0.0,0.0,1.0
SMAP,R-1,0.001,ewma,3.33067e-07,0,2874,7244,1,1,0,1.0,1.0,1.0,0,0.0,0.0,1.0
SMAP,R-1,0.001,cusum,4.94066e-324,0,2874,7244,1,1,0,1.0,1.0,1.0,0,0.0,0.0,1.0
SMAP,R-1,0.0,oes32,1.11022e-07,0,2874,7244,1,1,0,1.0,1.0,1.0,0,0.0,0.0,1.0
SMAP,R-1,0.0,maxabs,1.11022e-07,0,2874,7244,1,1,0,1.0,1.0,1.0,0,0.0,0.0,1.0
SMAP,R-1,0.0,zscore,1.11022e-07,0,2874,7244,1,1,0,1.0,1.0,1.0,0,0.0,0.0,1.0
SMAP,R-1,0.0,ewma,3.33067e-07,0,2874,7244,1,1,0,1.0,1.0,1.0,0,0.0,0.0,1.0
SMAP,R-1,0.0,cusum,4.94066e-324,0,2874,7244,1,1,0,1.0,1.0,1.0,0,0.0,0.0,1.0
SMAP,S-1,0.01,oes32,1.74109,0,2818,7331,1,1,11,0.083333,1.0,0.153846,49,1.500477,0.009936,0.006538
SMAP,S-1,0.01,maxabs,2.47399,0,2818,7331,1,0,0,0.0,0.0,0.0,,0.0,0.0,0.0
SMAP,S-1,0.01,zscore,2.47399,0,2818,7331,1,0,0,0.0,0.0,0.0,,0.0,0.0,0.0
SMAP,S-1,0.01,ewma,2.58985,0,2818,7331,1,1,45,0.021739,1.0,0.042553,47,6.138317,0.009936,0.008281
SMAP,S-1,0.01,cusum,4.59914,0,2818,7331,1,1,41,0.02381,1.0,0.046512,48,5.592689,0.008162,0.086445
SMAP,S-1,0.001,oes32,1.77426,0,2818,7331,1,1,4,0.2,1.0,0.333333,51,0.545628,0.00071,0.000581
SMAP,S-1,0.001,maxabs,2.47399,0,2818,7331,1,0,0,0.0,0.0,0.0,,0.0,0.0,0.0
SMAP,S-1,0.001,zscore,2.47399,0,2818,7331,1,0,0,0.0,0.0,0.0,,0.0,0.0,0.0
SMAP,S-1,0.001,ewma,2.95374,0,2818,7331,1,1,8,0.111111,1.0,0.2,47,1.091256,0.00071,0.001308
SMAP,S-1,0.001,cusum,6.11852,0,2818,7331,1,1,5,0.166667,1.0,0.285714,49,0.682035,0.00071,0.077147
SMAP,S-1,0.0,oes32,1.77669,0,2818,7331,1,1,3,0.25,1.0,0.4,51,0.409221,0.0,0.000436
SMAP,S-1,0.0,maxabs,2.47399,0,2818,7331,1,0,0,0.0,0.0,0.0,,0.0,0.0,0.0
SMAP,S-1,0.0,zscore,2.47399,0,2818,7331,1,0,0,0.0,0.0,0.0,,0.0,0.0,0.0
SMAP,S-1,0.0,ewma,3.03582,0,2818,7331,1,1,5,0.166667,1.0,0.285714,47,0.682035,0.0,0.000872
SMAP,S-1,0.0,cusum,6.25877,0,2818,7331,1,1,1,0.5,1.0,0.666667,49,0.136407,0.0,0.076565
SMAP,T-1,0.01,oes32,1.97971,0,2875,8612,2,0,9,0.0,0.0,0.0,,1.045053,0.009739,0.010458
SMAP,T-1,0.01,maxabs,2.5951,0,2875,8612,2,0,0,0.0,0.0,0.0,,0.0,0.0,0.0
SMAP,T-1,0.01,zscore,2.53634,0,2875,8612,2,2,31,0.060606,1.0,0.114286,26,3.599628,0.009739,0.005229
SMAP,T-1,0.01,ewma,6.79203,0,2875,8612,2,2,58,0.033333,1.0,0.064516,26,6.734789,0.009739,0.010458
SMAP,T-1,0.01,cusum,27.5864,0,2875,8612,2,1,72,0.013699,0.5,0.026667,29,8.360427,0.009739,0.070661
SMAP,T-1,0.001,oes32,1.9921,0,2875,8612,2,0,2,0.0,0.0,0.0,,0.232234,0.000696,0.000989
SMAP,T-1,0.001,maxabs,2.5951,0,2875,8612,2,0,0,0.0,0.0,0.0,,0.0,0.0,0.0
SMAP,T-1,0.001,zscore,2.58923,0,2875,8612,2,0,2,0.0,0.0,0.0,,0.232234,0.000348,0.000283
SMAP,T-1,0.001,ewma,6.9083,0,2875,8612,2,1,5,0.166667,0.5,0.25,27,0.580585,0.000696,0.000848
SMAP,T-1,0.001,cusum,27.8252,0,2875,8612,2,1,72,0.013699,0.5,0.026667,29,8.360427,0.000696,0.062889
SMAP,T-1,0.0,oes32,1.99291,0,2875,8612,2,0,1,0.0,0.0,0.0,,0.116117,0.0,0.000565
SMAP,T-1,0.0,maxabs,2.5951,0,2875,8612,2,0,0,0.0,0.0,0.0,,0.0,0.0,0.0
SMAP,T-1,0.0,zscore,2.5951,0,2875,8612,2,0,0,0.0,0.0,0.0,,0.0,0.0,0.0
SMAP,T-1,0.0,ewma,6.91457,0,2875,8612,2,1,4,0.2,0.5,0.285714,27,0.464468,0.0,0.000707
SMAP,T-1,0.0,cusum,27.9577,0,2875,8612,2,1,71,0.013889,0.5,0.027027,29,8.24431,0.0,0.055964
SMAP,T-2,0.01,oes32,1.97925,0,2855,8625,1,1,29,0.033333,1.0,0.064516,1373,3.362319,0.009807,0.038889
SMAP,T-2,0.01,maxabs,2.59608,0,2855,8625,1,0,0,0.0,0.0,0.0,,0.0,0.0,0.0
SMAP,T-2,0.01,zscore,2.5547,0,2855,8625,1,1,34,0.028571,1.0,0.055556,1075,3.942029,0.009457,0.005994
SMAP,T-2,0.01,ewma,6.80922,0,2855,8625,1,1,68,0.014493,1.0,0.028571,92,7.884058,0.009807,0.016228
SMAP,T-2,0.01,cusum,27.3757,0,2855,8625,1,1,69,0.014286,1.0,0.028169,95,8.0,0.009807,0.084942
SMAP,T-2,0.001,oes32,1.98651,0,2855,8625,1,1,16,0.058824,1.0,0.111111,1374,1.855072,0.000701,0.018713
SMAP,T-2,0.001,maxabs,2.59608,0,2855,8625,1,0,0,0.0,0.0,0.0,,0.0,0.0,0.0
SMAP,T-2,0.001,zscore,2.59017,0,2855,8625,1,1,3,0.25,1.0,0.4,1469,0.347826,0.00035,0.000439
SMAP,T-2,0.001,ewma,6.89379,0,2855,8625,1,1,30,0.032258,1.0,0.0625,1371,3.478261,0.000701,0.004971
SMAP,T-2,0.001,cusum,27.6692,0,2855,8625,1,1,69,0.014286,1.0,0.028169,95,8.0,0.000701,0.074854
SMAP,T-2,0.0,oes32,1.98744,0,2855,8625,1,1,14,0.066667,1.0,0.125,1374,1.623188,0.0,0.017398
SMAP,T-2,0.0,maxabs,2.59608,0,2855,8625,1,0,0,0.0,0.0,0.0,,0.0,0.0,0.0
SMAP,T-2,0.0,zscore,2.59608,0,2855,8625,1,0,0,0.0,0.0,0.0,,0.0,0.0,0.0
SMAP,T-2,0.0,ewma,6.92251,0,2855,8625,1,1,19,0.05,1.0,0.095238,1371,2.202899,0.0,0.00307
SMAP,T-2,0.0,cusum,27.7582,0,2855,8625,1,1,69,0.014286,1.0,0.028169,95,8.0,0.0,0.071784
SMAP,T-3,0.01,oes32,1.43474,0,2876,8579,2,2,0,1.0,1.0,1.0,59,0.0,0.009736,0.000953
SMAP,T-3,0.01,maxabs,1.72847,0,2876,8579,2,2,0,1.0,1.0,1.0,59,0.0,0.0,0.000953
SMAP,T-3,0.01,zscore,1.59816,0,2876,8579,2,2,0,1.0,1.0,1.0,59,0.0,0.000695,0.0
SMAP,T-3,0.01,ewma,4.58376,0,2876,8579,2,2,0,1.0,1.0,1.0,59,0.0,0.009736,0.0
SMAP,T-3,0.01,cusum,24.7519,0,2876,8579,2,2,20,0.090909,1.0,0.166667,59,2.331274,0.009736,0.047409
SMAP,T-3,0.001,oes32,1.48604,0,2876,8579,2,2,0,1.0,1.0,1.0,59,0.0,0.0,0.000953
SMAP,T-3,0.001,maxabs,1.72847,0,2876,8579,2,2,0,1.0,1.0,1.0,59,0.0,0.0,0.000953
SMAP,T-3,0.001,zscore,1.59816,0,2876,8579,2,2,0,1.0,1.0,1.0,59,0.0,0.000695,0.0
SMAP,T-3,0.001,ewma,4.65906,0,2876,8579,2,2,0,1.0,1.0,1.0,59,0.0,0.000695,0.0
SMAP,T-3,0.001,cusum,25.4171,0,2876,8579,2,2,13,0.133333,1.0,0.235294,59,1.515328,0.000695,0.039428
SMAP,T-3,0.0,oes32,1.48604,0,2876,8579,2,2,0,1.0,1.0,1.0,59,0.0,0.0,0.000953
SMAP,T-3,0.0,maxabs,1.72847,0,2876,8579,2,2,0,1.0,1.0,1.0,59,0.0,0.0,0.000953
SMAP,T-3,0.0,zscore,1.72847,0,2876,8579,2,2,0,1.0,1.0,1.0,59,0.0,0.0,0.0
SMAP,T-3,0.0,ewma,4.70903,0,2876,8579,2,2,0,1.0,1.0,1.0,59,0.0,0.0,0.0
SMAP,T-3,0.0,cusum,25.5189,0,2876,8579,2,2,13,0.133333,1.0,0.235294,59,1.515328,0.0,0.038952
MSL,C-1,0.01,oes32,5.22495,0,2158,2264,2,0,0,0.0,0.0,0.0,,0.0,0.009731,0.0
MSL,C-1,0.01,maxabs,6.629,0,2158,2264,2,0,0,0.0,0.0,0.0,,0.0,0.0,0.0
MSL,C-1,0.01,zscore,3.45777,0,2158,2264,2,0,1,0.0,0.0,0.0,,0.441696,0.009731,0.00666
MSL,C-1,0.01,ewma,10.1972,0,2158,2264,2,0,1,0.0,0.0,0.0,,0.441696,0.009731,0.004098
MSL,C-1,0.01,cusum,132.224,0,2158,2264,2,0,1,0.0,0.0,0.0,,0.441696,0.009731,0.011783
MSL,C-1,0.001,oes32,6.57643,0,2158,2264,2,0,0,0.0,0.0,0.0,,0.0,0.000927,0.0
MSL,C-1,0.001,maxabs,6.629,0,2158,2264,2,0,0,0.0,0.0,0.0,,0.0,0.0,0.0
MSL,C-1,0.001,zscore,6.60372,0,2158,2264,2,0,0,0.0,0.0,0.0,,0.0,0.000927,0.0
MSL,C-1,0.001,ewma,16.403,0,2158,2264,2,0,0,0.0,0.0,0.0,,0.0,0.000927,0.0
MSL,C-1,0.001,cusum,148.294,0,2158,2264,2,0,1,0.0,0.0,0.0,,0.441696,0.000927,0.000512
MSL,C-1,0.0,oes32,6.59527,0,2158,2264,2,0,0,0.0,0.0,0.0,,0.0,0.0,0.0
MSL,C-1,0.0,maxabs,6.629,0,2158,2264,2,0,0,0.0,0.0,0.0,,0.0,0.0,0.0
MSL,C-1,0.0,zscore,6.629,0,2158,2264,2,0,0,0.0,0.0,0.0,,0.0,0.0,0.0
MSL,C-1,0.0,ewma,17.6503,0,2158,2264,2,0,0,0.0,0.0,0.0,,0.0,0.0,0.0
MSL,C-1,0.0,cusum,150.812,0,2158,2264,2,0,0,0.0,0.0,0.0,,0.0,0.0,0.0
MSL,C-2,0.01,oes32,4.94066e-324,1,764,2051,2,2,0,1.0,1.0,1.0,0,0.0,0.0,0.84535
MSL,C-2,0.01,maxabs,4.94066e-324,1,764,2051,2,2,0,1.0,1.0,1.0,0,0.0,0.0,0.84535
MSL,C-2,0.01,zscore,4.94066e-324,1,764,2051,2,2,24,0.076923,1.0,0.142857,0,11.701609,0.0,0.760711
MSL,C-2,0.01,ewma,4.94066e-324,1,764,2051,2,2,0,1.0,1.0,1.0,0,0.0,0.0,0.891327
MSL,C-2,0.01,cusum,4.94066e-324,1,764,2051,2,2,0,1.0,1.0,1.0,0,0.0,0.0,0.891327
MSL,C-2,0.001,oes32,4.94066e-324,1,764,2051,2,2,0,1.0,1.0,1.0,0,0.0,0.0,0.84535
MSL,C-2,0.001,maxabs,4.94066e-324,1,764,2051,2,2,0,1.0,1.0,1.0,0,0.0,0.0,0.84535
MSL,C-2,0.001,zscore,4.94066e-324,1,764,2051,2,2,24,0.076923,1.0,0.142857,0,11.701609,0.0,0.760711
MSL,C-2,0.001,ewma,4.94066e-324,1,764,2051,2,2,0,1.0,1.0,1.0,0,0.0,0.0,0.891327
MSL,C-2,0.001,cusum,4.94066e-324,1,764,2051,2,2,0,1.0,1.0,1.0,0,0.0,0.0,0.891327
MSL,C-2,0.0,oes32,4.94066e-324,1,764,2051,2,2,0,1.0,1.0,1.0,0,0.0,0.0,0.84535
MSL,C-2,0.0,maxabs,4.94066e-324,1,764,2051,2,2,0,1.0,1.0,1.0,0,0.0,0.0,0.84535
MSL,C-2,0.0,zscore,4.94066e-324,1,764,2051,2,2,24,0.076923,1.0,0.142857,0,11.701609,0.0,0.760711
MSL,C-2,0.0,ewma,4.94066e-324,1,764,2051,2,2,0,1.0,1.0,1.0,0,0.0,0.0,0.891327
MSL,C-2,0.0,cusum,4.94066e-324,1,764,2051,2,2,0,1.0,1.0,1.0,0,0.0,0.0,0.891327
MSL,D-14,0.01,oes32,4.94066e-324,1,3675,2625,2,2,0,1.0,1.0,1.0,4,0.0,0.0,0.018727
MSL,D-14,0.01,maxabs,4.94066e-324,1,3675,2625,2,2,0,1.0,1.0,1.0,4,0.0,0.0,0.018727
MSL,D-14,0.01,zscore,4.94066e-324,1,3675,2625,2,2,0,1.0,1.0,1.0,4,0.0,0.0,0.0
MSL,D-14,0.01,ewma,4.94066e-324,1,3675,2625,2,2,0,1.0,1.0,1.0,4,0.0,0.0,0.321681
MSL,D-14,0.01,cusum,4.94066e-324,1,3675,2625,2,2,0,1.0,1.0,1.0,4,0.0,0.0,0.321681
MSL,D-14,0.001,oes32,4.94066e-324,1,3675,2625,2,2,0,1.0,1.0,1.0,4,0.0,0.0,0.018727
MSL,D-14,0.001,maxabs,4.94066e-324,1,3675,2625,2,2,0,1.0,1.0,1.0,4,0.0,0.0,0.018727
MSL,D-14,0.001,zscore,4.94066e-324,1,3675,2625,2,2,0,1.0,1.0,1.0,4,0.0,0.0,0.0
MSL,D-14,0.001,ewma,4.94066e-324,1,3675,2625,2,2,0,1.0,1.0,1.0,4,0.0,0.0,0.321681
MSL,D-14,0.001,cusum,4.94066e-324,1,3675,2625,2,2,0,1.0,1.0,1.0,4,0.0,0.0,0.321681
MSL,D-14,0.0,oes32,4.94066e-324,1,3675,2625,2,2,0,1.0,1.0,1.0,4,0.0,0.0,0.018727
MSL,D-14,0.0,maxabs,4.94066e-324,1,3675,2625,2,2,0,1.0,1.0,1.0,4,0.0,0.0,0.018727
MSL,D-14,0.0,zscore,4.94066e-324,1,3675,2625,2,2,0,1.0,1.0,1.0,4,0.0,0.0,0.0
MSL,D-14,0.0,ewma,4.94066e-324,1,3675,2625,2,2,0,1.0,1.0,1.0,4,0.0,0.0,0.321681
MSL,D-14,0.0,cusum,4.94066e-324,1,3675,2625,2,2,0,1.0,1.0,1.0,4,0.0,0.0,0.321681
MSL,D-15,0.01,oes32,2.08456,0,2074,2158,1,0,3,0.0,0.0,0.0,,1.390176,0.009643,0.003296
MSL,D-15,0.01,maxabs,2.71287,0,2074,2158,1,0,0,0.0,0.0,0.0,,0.0,0.0,0.0
MSL,D-15,0.01,zscore,2.71287,0,2074,2158,1,0,0,0.0,0.0,0.0,,0.0,0.0,0.0
MSL,D-15,0.01,ewma,3.95085,0,2074,2158,1,0,13,0.0,0.0,0.0,,6.024096,0.009643,0.011206
MSL,D-15,0.01,cusum,15.8428,0,2074,2158,1,0,2,0.0,0.0,0.0,,0.926784,0.009643,0.042189
MSL,D-15,0.001,oes32,2.37736,0,2074,2158,1,0,1,0.0,0.0,0.0,,0.463392,0.000964,0.000659
MSL,D-15,0.001,maxabs,2.71287,0,2074,2158,1,0,0,0.0,0.0,0.0,,0.0,0.0,0.0
MSL,D-15,0.001,zscore,2.71287,0,2074,2158,1,0,0,0.0,0.0,0.0,,0.0,0.0,0.0
MSL,D-15,0.001,ewma,4.87065,0,2074,2158,1,0,3,0.0,0.0,0.0,,1.390176,0.000964,0.001978
MSL,D-15,0.001,cusum,18.7192,0,2074,2158,1,0,2,0.0,0.0,0.0,,0.926784,0.000964,0.029005
MSL,D-15,0.0,oes32,2.71287,0,2074,2158,1,0,0,0.0,0.0,0.0,,0.0,0.0,0.0
MSL,D-15,0.0,maxabs,2.71287,0,2074,2158,1,0,0,0.0,0.0,0.0,,0.0,0.0,0.0
MSL,D-15,0.0,zscore,2.71287,0,2074,2158,1,0,0,0.0,0.0,0.0,,0.0,0.0,0.0
MSL,D-15,0.0,ewma,5.21503,0,2074,2158,1,0,1,0.0,0.0,0.0,,0.463392,0.0,0.000659
MSL,D-15,0.0,cusum,19.3356,0,2074,2158,1,0,3,0.0,0.0,0.0,,1.390176,0.0,0.026368
MSL,D-16,0.01,oes32,1.71083,0,1451,2191,1,0,0,0.0,0.0,0.0,,0.0,0.009649,0.0
MSL,D-16,0.01,maxabs,1.86207,0,1451,2191,1,0,0,0.0,0.0,0.0,,0.0,0.0,0.0
MSL,D-16,0.01,zscore,1.85115,0,1451,2191,1,1,0,1.0,1.0,1.0,192,0.0,0.007581,0.0
MSL,D-16,0.01,ewma,4.97881,0,1451,2191,1,1,0,1.0,1.0,1.0,196,0.0,0.009649,0.0
MSL,D-16,0.01,cusum,255.836,0,1451,2191,1,0,0,0.0,0.0,0.0,,0.0,0.009649,0.0
MSL,D-16,0.001,oes32,1.74396,0,1451,2191,1,0,0,0.0,0.0,0.0,,0.0,0.000689,0.0
MSL,D-16,0.001,maxabs,1.86207,0,1451,2191,1,0,0,0.0,0.0,0.0,,0.0,0.0,0.0
MSL,D-16,0.001,zscore,1.85761,0,1451,2191,1,0,0,0.0,0.0,0.0,,0.0,0.000689,0.0
MSL,D-16,0.001,ewma,5.22577,0,1451,2191,1,0,0,0.0,0.0,0.0,,0.0,0.000689,0.0
MSL,D-16,0.001,cusum,258.529,0,1451,2191,1,0,0,0.0,0.0,0.0,,0.0,0.000689,0.0
MSL,D-16,0.0,oes32,1.74412,0,1451,2191,1,0,0,0.0,0.0,0.0,,0.0,0.0,0.0
MSL,D-16,0.0,maxabs,1.86207,0,1451,2191,1,0,0,0.0,0.0,0.0,,0.0,0.0,0.0
MSL,D-16,0.0,zscore,1.86207,0,1451,2191,1,0,0,0.0,0.0,0.0,,0.0,0.0,0.0
MSL,D-16,0.0,ewma,5.24438,0,1451,2191,1,0,0,0.0,0.0,0.0,,0.0,0.0,0.0
MSL,D-16,0.0,cusum,258.772,0,1451,2191,1,0,0,0.0,0.0,0.0,,0.0,0.0,0.0
MSL,F-4,0.01,oes32,2.91536,0,2244,3422,1,1,6,0.142857,1.0,0.25,29,1.753361,0.009804,0.106237
MSL,F-4,0.01,maxabs,3.49221,0,2244,3422,1,1,5,0.166667,1.0,0.285714,30,1.461134,0.0,0.094002
MSL,F-4,0.01,zscore,3.14301,0,2244,3422,1,1,7,0.125,1.0,0.222222,28,2.045587,0.009804,0.06983
MSL,F-4,0.01,ewma,8.98586,0,2244,3422,1,1,6,0.142857,1.0,0.25,29,1.753361,0.009804,0.073113
MSL,F-4,0.01,cusum,139.385,0,2244,3422,1,1,6,0.142857,1.0,0.25,0,1.753361,0.009804,0.774396
MSL,F-4,0.001,oes32,3.03565,0,2244,3422,1,1,6,0.142857,1.0,0.25,30,1.753361,0.000891,0.092808
MSL,F-4,0.001,maxabs,3.49221,0,2244,3422,1,1,5,0.166667,1.0,0.285714,30,1.461134,0.0,0.094002
MSL,F-4,0.001,zscore,3.47352,0,2244,3422,1,1,5,0.166667,1.0,0.285714,30,1.461134,0.000891,0.043569
MSL,F-4,0.001,ewma,9.91595,0,2244,3422,1,1,5,0.166667,1.0,0.285714,32,1.461134,0.000891,0.042077
MSL,F-4,0.001,cusum,155.419,0,2244,3422,1,1,8,0.111111,1.0,0.2,0,2.337814,0.000891,0.692927
MSL,F-4,0.0,oes32,3.05486,0,2244,3422,1,1,6,0.142857,1.0,0.25,30,1.753361,0.0,0.090122
MSL,F-4,0.0,maxabs,3.49221,0,2244,3422,1,1,5,0.166667,1.0,0.285714,30,1.461134,0.0,0.094002
MSL,F-4,0.0,zscore,3.49221,0,2244,3422,1,1,5,0.166667,1.0,0.285714,30,1.461134,0.0,0.042972
MSL,F-4,0.0,ewma,10.1135,0,2244,3422,1,1,5,0.166667,1.0,0.285714,33,1.461134,0.0,0.03969
MSL,F-4,0.0,cusum,158.101,0,2244,3422,1,1,8,0.111111,1.0,0.2,0,2.337814,0.0,0.676514
MSL,F-5,0.01,oes32,4.98516,0,2598,3922,1,1,0,1.0,1.0,1.0,38,0.0,0.009623,0.0
MSL,F-5,0.01,maxabs,5.03213,0,2598,3922,1,1,0,1.0,1.0,1.0,30,0.0,0.0,0.0
MSL,F-5,0.01,zscore,4.99351,0,2598,3922,1,1,0,1.0,1.0,1.0,30,0.0,0.009623,0.0
MSL,F-5,0.01,ewma,14.9702,0,2598,3922,1,1,0,1.0,1.0,1.0,34,0.0,0.009623,0.0
MSL,F-5,0.01,cusum,285.061,0,2598,3922,1,1,0,1.0,1.0,1.0,71,0.0,0.009623,0.058605
MSL,F-5,0.001,oes32,5.01618,0,2598,3922,1,1,0,1.0,1.0,1.0,38,0.0,0.00077,0.0
MSL,F-5,0.001,maxabs,5.03213,0,2598,3922,1,1,0,1.0,1.0,1.0,30,0.0,0.0,0.0
MSL,F-5,0.001,zscore,5.0288,0,2598,3922,1,1,0,1.0,1.0,1.0,30,0.0,0.00077,0.0
MSL,F-5,0.001,ewma,15.0697,0,2598,3922,1,1,0,1.0,1.0,1.0,34,0.0,0.00077,0.0
MSL,F-5,0.001,cusum,302.979,0,2598,3922,1,1,0,1.0,1.0,1.0,73,0.0,0.00077,0.058605
MSL,F-5,0.0,oes32,5.01918,0,2598,3922,1,1,0,1.0,1.0,1.0,38,0.0,0.0,0.0
MSL,F-5,0.0,maxabs,5.03213,0,2598,3922,1,1,0,1.0,1.0,1.0,30,0.0,0.0,0.0
MSL,F-5,0.0,zscore,5.03213,0,2598,3922,1,1,0,1.0,1.0,1.0,30,0.0,0.0,0.0
MSL,F-5,0.0,ewma,15.079,0,2598,3922,1,1,0,1.0,1.0,1.0,34,0.0,0.0,0.0
MSL,F-5,0.0,cusum,305.583,0,2598,3922,1,1,0,1.0,1.0,1.0,73,0.0,0.0,0.058605
MSL,F-7,0.01,oes32,1.99339,0,2511,5054,3,3,17,0.15,1.0,0.26087,118,3.363672,0.009956,0.038653
MSL,F-7,0.01,maxabs,2.63433,0,2511,5054,3,0,0,0.0,0.0,0.0,,0.0,0.0,0.0
MSL,F-7,0.01,zscore,2.63433,0,2511,5054,3,0,0,0.0,0.0,0.0,,0.0,0.0,0.0
MSL,F-7,0.01,ewma,4.61429,0,2511,5054,3,3,30,0.090909,1.0,0.166667,101,5.935892,0.009956,0.019002
MSL,F-7,0.01,cusum,30.5946,0,2511,5054,3,3,5,0.375,1.0,0.545455,126,0.989315,0.009956,0.139279
MSL,F-7,0.001,oes32,2.05388,0,2511,5054,3,3,6,0.333333,1.0,0.5,120,1.187178,0.000796,0.02181
MSL,F-7,0.001,maxabs,2.63433,0,2511,5054,3,0,0,0.0,0.0,0.0,,0.0,0.0,0.0
MSL,F-7,0.001,zscore,2.63433,0,2511,5054,3,0,0,0.0,0.0,0.0,,0.0,0.0,0.0
MSL,F-7,0.001,ewma,5.37786,0,2511,5054,3,3,16,0.157895,1.0,0.272727,102,3.165809,0.000796,0.006046
MSL,F-7,0.001,cusum,42.3833,0,2511,5054,3,3,6,0.333333,1.0,0.5,136,1.187178,0.000796,0.103649
MSL,F-7,0.0,oes32,2.05672,0,2511,5054,3,3,5,0.375,1.0,0.545455,120,0.989315,0.0,0.021162
MSL,F-7,0.0,maxabs,2.63433,0,2511,5054,3,0,0,0.0,0.0,0.0,,0.0,0.0,0.0
MSL,F-7,0.0,zscore,2.63433,0,2511,5054,3,0,0,0.0,0.0,0.0,,0.0,0.0,0.0
MSL,F-7,0.0,ewma,6.17241,0,2511,5054,3,3,3,0.5,1.0,0.666667,130,0.593589,0.0,0.00108
MSL,F-7,0.0,cusum,43.4656,0,2511,5054,3,3,6,0.333333,1.0,0.5,136,1.187178,0.0,0.099978
MSL,F-8,0.01,oes32,2.61605,0,3342,2487,1,1,2,0.333333,1.0,0.5,48,0.804182,0.009874,0.018974
MSL,F-8,0.01,maxabs,3.89535,0,3342,2487,1,0,2,0.0,0.0,0.0,,0.804182,0.0,0.032821
MSL,F-8,0.01,zscore,3.27844,0,3342,2487,1,1,5,0.166667,1.0,0.285714,63,2.010454,0.008977,0.002564
MSL,F-8,0.01,ewma,6.56512,0,3342,2487,1,1,2,0.333333,1.0,0.5,36,0.804182,0.009874,0.017436
MSL,F-8,0.01,cusum,18.9789,0,3342,2487,1,1,2,0.333333,1.0,0.5,36,0.804182,0.009874,0.060513
MSL,F-8,0.001,oes32,2.74263,0,3342,2487,1,1,2,0.333333,1.0,0.5,52,0.804182,0.000299,0.014872
MSL,F-8,0.001,maxabs,3.89535,0,3342,2487,1,0,2,0.0,0.0,0.0,,0.804182,0.0,0.032821
MSL,F-8,0.001,zscore,3.80722,0,3342,2487,1,0,2,0.0,0.0,0.0,,0.804182,0.000598,0.001026
MSL,F-8,0.001,ewma,7.557,0,3342,2487,1,1,4,0.2,1.0,0.333333,39,1.608363,0.000898,0.012821
MSL,F-8,0.001,cusum,24.9428,0,3342,2487,1,1,2,0.333333,1.0,0.5,39,0.804182,0.000898,0.050769
MSL,F-8,0.0,oes32,2.74566,0,3342,2487,1,1,2,0.333333,1.0,0.5,52,0.804182,0.0,0.014872
MSL,F-8,0.0,maxabs,3.89535,0,3342,2487,1,0,2,0.0,0.0,0.0,,0.804182,0.0,0.032821
MSL,F-8,0.0,zscore,3.89535,0,3342,2487,1,0,2,0.0,0.0,0.0,,0.804182,0.0,0.001026
MSL,F-8,0.0,ewma,7.74201,0,3342,2487,1,1,4,0.2,1.0,0.333333,39,1.608363,0.0,0.009744
MSL,F-8,0.0,cusum,26.7982,0,3342,2487,1,1,2,0.333333,1.0,0.5,40,0.804182,0.0,0.047179
MSL,M-1,0.01,oes32,2.53537,0,2209,2277,1,0,0,0.0,0.0,0.0,,0.0,0.009959,0.0
MSL,M-1,0.01,maxabs,2.9978,0,2209,2277,1,0,0,0.0,0.0,0.0,,0.0,0.0,0.0
MSL,M-1,0.01,zscore,2.84788,0,2209,2277,1,0,0,0.0,0.0,0.0,,0.0,0.009507,0.0
MSL,M-1,0.01,ewma,7.30236,0,2209,2277,1,0,2,0.0,0.0,0.0,,0.878349,0.009959,0.03081
MSL,M-1,0.01,cusum,124.922,0,2209,2277,1,1,5,0.166667,1.0,0.285714,0,2.195872,0.009959,0.274648
MSL,M-1,0.001,oes32,2.81379,0,2209,2277,1,0,0,0.0,0.0,0.0,,0.0,0.000905,0.0
MSL,M-1,0.001,maxabs,2.9978,0,2209,2277,1,0,0,0.0,0.0,0.0,,0.0,0.0,0.0
MSL,M-1,0.001,zscore,2.98396,0,2209,2277,1,0,0,0.0,0.0,0.0,,0.0,0.000905,0.0
MSL,M-1,0.001,ewma,8.60719,0,2209,2277,1,0,0,0.0,0.0,0.0,,0.0,0.000905,0.0
MSL,M-1,0.001,cusum,136.065,0,2209,2277,1,1,5,0.166667,1.0,0.285714,0,2.195872,0.000905,0.209507
MSL,M-1,0.0,oes32,2.8138,0,2209,2277,1,0,0,0.0,0.0,0.0,,0.0,0.0,0.0
MSL,M-1,0.0,maxabs,2.9978,0,2209,2277,1,0,0,0.0,0.0,0.0,,0.0,0.0,0.0
MSL,M-1,0.0,zscore,2.9978,0,2209,2277,1,0,0,0.0,0.0,0.0,,0.0,0.0,0.0
MSL,M-1,0.0,ewma,8.6105,0,2209,2277,1,0,0,0.0,0.0,0.0,,0.0,0.0,0.0
MSL,M-1,0.0,cusum,137.408,0,2209,2277,1,1,4,0.2,1.0,0.333333,0,1.756697,0.0,0.202465
MSL,M-2,0.01,oes32,4.37507,0,2208,2277,1,1,4,0.2,1.0,0.333333,60,1.756697,0.009964,0.052817
MSL,M-2,0.01,maxabs,5.10116,0,2208,2277,1,1,1,0.5,1.0,0.666667,40,0.439174,0.0,0.051937
MSL,M-2,0.01,zscore,4.82334,0,2208,2277,1,1,2,0.333333,1.0,0.5,40,0.878349,0.009511,0.046655
MSL,M-2,0.01,ewma,13.4945,0,2208,2277,1,1,3,0.25,1.0,0.4,49,1.317523,0.009964,0.054577
MSL,M-2,0.01,cusum,206.823,0,2208,2277,1,1,0,1.0,1.0,1.0,0,0.0,0.009964,0.736796
MSL,M-2,0.001,oes32,4.73134,0,2208,2277,1,1,2,0.333333,1.0,0.5,66,0.878349,0.000906,0.014965
MSL,M-2,0.001,maxabs,5.10116,0,2208,2277,1,1,1,0.5,1.0,0.666667,40,0.439174,0.0,0.051937
MSL,M-2,0.001,zscore,5.07148,0,2208,2277,1,1,1,0.5,1.0,0.666667,40,0.439174,0.000906,0.008803
MSL,M-2,0.001,ewma,14.542,0,2208,2277,1,1,0,1.0,1.0,1.0,57,0.0,0.000906,0.013204
MSL,M-2,0.001,cusum,227.819,0,2208,2277,1,1,0,1.0,1.0,1.0,0,0.0,0.000906,0.71831
MSL,M-2,0.0,oes32,4.73135,0,2208,2277,1,1,2,0.333333,1.0,0.5,66,0.878349,0.0,0.014965
MSL,M-2,0.0,maxabs,5.10116,0,2208,2277,1,1,1,0.5,1.0,0.666667,40,0.439174,0.0,0.051937
MSL,M-2,0.0,zscore,5.10116,0,2208,2277,1,1,1,0.5,1.0,0.666667,40,0.439174,0.0,0.005282
MSL,M-2,0.0,ewma,14.5491,0,2208,2277,1,1,0,1.0,1.0,1.0,58,0.0,0.0,0.013204
MSL,M-2,0.0,cusum,228.241,0,2208,2277,1,1,0,1.0,1.0,1.0,0,0.0,0.0,0.71831
MSL,M-3,0.01,oes32,2.55357,0,2037,2127,1,1,2,0.333333,1.0,0.5,199,0.940291,0.009818,0.019723
MSL,M-3,0.01,maxabs,2.82901,0,2037,2127,1,0,0,0.0,0.0,0.0,,0.0,0.0,0.0
MSL,M-3,0.01,zscore,2.56101,0,2037,2127,1,1,9,0.1,1.0,0.181818,173,4.231312,0.009818,0.035181
MSL,M-3,0.01,ewma,7.40346,0,2037,2127,1,1,4,0.2,1.0,0.333333,182,1.880583,0.009818,0.035714
MSL,M-3,0.01,cusum,249.071,0,2037,2127,1,0,0,0.0,0.0,0.0,,0.0,0.009818,0.0
MSL,M-3,0.001,oes32,2.64917,0,2037,2127,1,1,1,0.5,1.0,0.666667,203,0.470146,0.000982,0.013859
MSL,M-3,0.001,maxabs,2.82901,0,2037,2127,1,0,0,0.0,0.0,0.0,,0.0,0.0,0.0
MSL,M-3,0.001,zscore,2.82898,0,2037,2127,1,0,0,0.0,0.0,0.0,,0.0,0.000982,0.0
MSL,M-3,0.001,ewma,7.72576,0,2037,2127,1,1,2,0.333333,1.0,0.5,186,0.940291,0.000982,0.021322
MSL,M-3,0.001,cusum,254.947,0,2037,2127,1,0,0,0.0,0.0,0.0,,0.0,0.000982,0.0
MSL,M-3,0.0,oes32,2.65318,0,2037,2127,1,1,2,0.333333,1.0,0.5,203,0.940291,0.0,0.007996
MSL,M-3,0.0,maxabs,2.82901,0,2037,2127,1,0,0,0.0,0.0,0.0,,0.0,0.0,0.0
MSL,M-3,0.0,zscore,2.82901,0,2037,2127,1,0,0,0.0,0.0,0.0,,0.0,0.0,0.0
MSL,M-3,0.0,ewma,7.79656,0,2037,2127,1,1,2,0.333333,1.0,0.5,187,0.940291,0.0,0.020256
MSL,M-3,0.0,cusum,255.177,0,2037,2127,1,0,0,0.0,0.0,0.0,,0.0,0.0,0.0
MSL,M-4,0.01,oes32,2.85811,0,2076,2038,1,0,1,0.0,0.0,0.0,,0.490677,0.009634,0.006715
MSL,M-4,0.01,maxabs,3.22296,0,2076,2038,1,0,0,0.0,0.0,0.0,,0.0,0.0,0.0
MSL,M-4,0.01,zscore,2.93495,0,2076,2038,1,0,5,0.0,0.0,0.0,,2.453386,0.009634,0.021824
MSL,M-4,0.01,ewma,8.70726,0,2076,2038,1,0,1,0.0,0.0,0.0,,0.490677,0.009634,0.008954
MSL,M-4,0.01,cusum,228.712,0,2076,2038,1,1,0,1.0,1.0,1.0,198,0.0,0.009634,0.039172
MSL,M-4,0.001,oes32,2.92295,0,2076,2038,1,0,1,0.0,0.0,0.0,,0.490677,0.000963,0.004477
MSL,M-4,0.001,maxabs,3.22296,0,2076,2038,1,0,0,0.0,0.0,0.0,,0.0,0.0,0.0
MSL,M-4,0.001,zscore,3.14267,0,2076,2038,1,0,0,0.0,0.0,0.0,,0.0,0.000963,0.0
MSL,M-4,0.001,ewma,8.80094,0,2076,2038,1,0,1,0.0,0.0,0.0,,0.490677,0.000963,0.008394
MSL,M-4,0.001,cusum,233.323,0,2076,2038,1,1,0,1.0,1.0,1.0,200,0.0,0.000963,0.036933
MSL,M-4,0.0,oes32,2.94514,0,2076,2038,1,0,1,0.0,0.0,0.0,,0.490677,0.0,0.003358
MSL,M-4,0.0,maxabs,3.22296,0,2076,2038,1,0,0,0.0,0.0,0.0,,0.0,0.0,0.0
MSL,M-4,0.0,zscore,3.22296,0,2076,2038,1,0,0,0.0,0.0,0.0,,0.0,0.0,0.0
MSL,M-4,0.0,ewma,8.80235,0,2076,2038,1,0,1,0.0,0.0,0.0,,0.490677,0.0,0.008394
MSL,M-4,0.0,cusum,233.944,0,2076,2038,1,1,0,1.0,1.0,1.0,200,0.0,0.0,0.036374
MSL,M-5,0.01,oes32,1.99882,0,2032,2303,1,0,1,0.0,0.0,0.0,,0.434216,0.009843,0.008492
MSL,M-5,0.01,maxabs,2.09522,0,2032,2303,1,1,0,1.0,1.0,1.0,46,0.0,0.0,0.0
MSL,M-5,0.01,zscore,2.09088,0,2032,2303,1,1,0,1.0,1.0,1.0,46,0.0,0.001476,0.0
MSL,M-5,0.01,ewma,6.12714,0,2032,2303,1,0,1,0.0,0.0,0.0,,0.434216,0.009843,0.01049
MSL,M-5,0.01,cusum,75.7403,0,2032,2303,1,0,0,0.0,0.0,0.0,,0.0,0.009843,0.0
MSL,M-5,0.001,oes32,2.04524,0,2032,2303,1,0,1,0.0,0.0,0.0,,0.434216,0.000984,0.005994
MSL,M-5,0.001,maxabs,2.09522,0,2032,2303,1,1,0,1.0,1.0,1.0,46,0.0,0.0,0.0
MSL,M-5,0.001,zscore,2.0932,0,2032,2303,1,1,0,1.0,1.0,1.0,46,0.0,0.000984,0.0
MSL,M-5,0.001,ewma,6.25367,0,2032,2303,1,0,0,0.0,0.0,0.0,,0.0,0.000984,0.0
MSL,M-5,0.001,cusum,83.4435,0,2032,2303,1,0,0,0.0,0.0,0.0,,0.0,0.000984,0.0
MSL,M-5,0.0,oes32,2.05013,0,2032,2303,1,0,1,0.0,0.0,0.0,,0.434216,0.0,0.005994
MSL,M-5,0.0,maxabs,2.09522,0,2032,2303,1,1,0,1.0,1.0,1.0,46,0.0,0.0,0.0
MSL,M-5,0.0,zscore,2.09522,0,2032,2303,1,1,0,1.0,1.0,1.0,46,0.0,0.0,0.0
MSL,M-5,0.0,ewma,6.26294,0,2032,2303,1,0,0,0.0,0.0,0.0,,0.0,0.0,0.0
MSL,M-5,0.0,cusum,84.1447,0,2032,2303,1,0,0,0.0,0.0,0.0,,0.0,0.0,0.0
MSL,M-6,0.01,oes32,4.94066e-324,1,1565,2049,1,1,0,1.0,1.0,1.0,0,0.0,0.0,0.459315
MSL,M-6,0.01,maxabs,4.94066e-324,1,1565,2049,1,1,0,1.0,1.0,1.0,0,0.0,0.0,0.459315
MSL,M-6,0.01,zscore,4.94066e-324,1,1565,2049,1,1,0,1.0,1.0,1.0,0,0.0,0.0,0.459315
MSL,M-6,0.01,ewma,4.94066e-324,1,1565,2049,1,1,0,1.0,1.0,1.0,0,0.0,0.0,0.459315
MSL,M-6,0.01,cusum,4.94066e-324,1,1565,2049,1,1,0,1.0,1.0,1.0,0,0.0,0.0,0.459315
MSL,M-6,0.001,oes32,4.94066e-324,1,1565,2049,1,1,0,1.0,1.0,1.0,0,0.0,0.0,0.459315
MSL,M-6,0.001,maxabs,4.94066e-324,1,1565,2049,1,1,0,1.0,1.0,1.0,0,0.0,0.0,0.459315
MSL,M-6,0.001,zscore,4.94066e-324,1,1565,2049,1,1,0,1.0,1.0,1.0,0,0.0,0.0,0.459315
MSL,M-6,0.001,ewma,4.94066e-324,1,1565,2049,1,1,0,1.0,1.0,1.0,0,0.0,0.0,0.459315
MSL,M-6,0.001,cusum,4.94066e-324,1,1565,2049,1,1,0,1.0,1.0,1.0,0,0.0,0.0,0.459315
MSL,M-6,0.0,oes32,4.94066e-324,1,1565,2049,1,1,0,1.0,1.0,1.0,0,0.0,0.0,0.459315
MSL,M-6,0.0,maxabs,4.94066e-324,1,1565,2049,1,1,0,1.0,1.0,1.0,0,0.0,0.0,0.459315
MSL,M-6,0.0,zscore,4.94066e-324,1,1565,2049,1,1,0,1.0,1.0,1.0,0,0.0,0.0,0.459315
MSL,M-6,0.0,ewma,4.94066e-324,1,1565,2049,1,1,0,1.0,1.0,1.0,0,0.0,0.0,0.459315
MSL,M-6,0.0,cusum,4.94066e-324,1,1565,2049,1,1,0,1.0,1.0,1.0,0,0.0,0.0,0.459315
MSL,M-7,0.01,oes32,7.36438,0,1587,2156,1,1,1,0.5,1.0,0.666667,17,0.463822,0.0,0.016058
MSL,M-7,0.01,maxabs,11.8497,0,1587,2156,1,1,1,0.5,1.0,0.666667,16,0.463822,0.0,0.016545
MSL,M-7,0.01,zscore,3.91185,0,1587,2156,1,1,1,0.5,1.0,0.666667,14,0.463822,0.009452,0.00292
MSL,M-7,0.01,ewma,10.1791,0,1587,2156,1,1,1,0.5,1.0,0.666667,16,0.463822,0.009452,0.00438
MSL,M-7,0.01,cusum,60.9824,0,1587,2156,1,1,1,0.5,1.0,0.666667,18,0.463822,0.009452,0.553771
MSL,M-7,0.001,oes32,7.36438,0,1587,2156,1,1,1,0.5,1.0,0.666667,17,0.463822,0.0,0.016058
MSL,M-7,0.001,maxabs,11.8497,0,1587,2156,1,1,1,0.5,1.0,0.666667,16,0.463822,0.0,0.016545
MSL,M-7,0.001,zscore,11.8497,0,1587,2156,1,1,1,0.5,1.0,0.666667,16,0.463822,0.0,0.00146
MSL,M-7,0.001,ewma,21.5658,0,1587,2156,1,1,1,0.5,1.0,0.666667,17,0.463822,0.00063,0.001946
MSL,M-7,0.001,cusum,67.1507,0,1587,2156,1,1,1,0.5,1.0,0.666667,19,0.463822,0.00063,0.548418
MSL,M-7,0.0,oes32,7.36438,0,1587,2156,1,1,1,0.5,1.0,0.666667,17,0.463822,0.0,0.016058
MSL,M-7,0.0,maxabs,11.8497,0,1587,2156,1,1,1,0.5,1.0,0.666667,16,0.463822,0.0,0.016545
MSL,M-7,0.0,zscore,11.8497,0,1587,2156,1,1,1,0.5,1.0,0.666667,16,0.463822,0.0,0.00146
MSL,M-7,0.0,ewma,21.8573,0,1587,2156,1,1,1,0.5,1.0,0.666667,17,0.463822,0.0,0.001946
MSL,M-7,0.0,cusum,67.3485,0,1587,2156,1,1,1,0.5,1.0,0.666667,19,0.463822,0.0,0.548418
MSL,P-10,0.01,oes32,3.40484,0,4308,6100,1,1,0,1.0,1.0,1.0,27,0.0,0.009981,0.231027
MSL,P-10,0.01,maxabs,6.02871,0,4308,6100,1,1,0,1.0,1.0,1.0,27,0.0,0.007428,0.231027
MSL,P-10,0.01,zscore,2.61351,0,4308,6100,1,1,7,0.125,1.0,0.222222,27,1.147541,0.008821,0.2322
MSL,P-10,0.01,ewma,2.86887,0,4308,6100,1,1,71,0.013889,1.0,0.027397,2,11.639344,0.009981,0.262523
MSL,P-10,0.01,cusum,6.85823,0,4308,6100,1,1,2,0.333333,1.0,0.5,0,0.327869,0.009981,0.664433
MSL,P-10,0.001,oes32,3.52812,0,4308,6100,1,1,0,1.0,1.0,1.0,27,0.0,0.000929,0.231027
MSL,P-10,0.001,maxabs,6.25233,0,4308,6100,1,1,0,1.0,1.0,1.0,27,0.0,0.0,0.231027
MSL,P-10,0.001,zscore,4.43292,0,4308,6100,1,1,1,0.5,1.0,0.666667,27,0.163934,0.000929,0.231195
MSL,P-10,0.001,ewma,3.51372,0,4308,6100,1,1,18,0.052632,1.0,0.1,27,2.95082,0.000929,0.237226
MSL,P-10,0.001,cusum,9.36291,0,4308,6100,1,1,1,0.5,1.0,0.666667,0,0.163934,0.000929,0.662255
MSL,P-10,0.0,oes32,3.5365,0,4308,6100,1,1,0,1.0,1.0,1.0,27,0.0,0.0,0.231027
MSL,P-10,0.0,maxabs,6.25233,0,4308,6100,1,1,0,1.0,1.0,1.0,27,0.0,0.0,0.231027
MSL,P-10,0.0,zscore,6.25233,0,4308,6100,1,1,0,1.0,1.0,1.0,27,0.0,0.0,0.231027
MSL,P-10,0.0,ewma,3.98383,0,4308,6100,1,1,6,0.142857,1.0,0.25,27,0.983607,0.0,0.232535
MSL,P-10,0.0,cusum,10.9089,0,4308,6100,1,1,5,0.166667,1.0,0.285714,0,0.819672,0.0,0.659072
MSL,P-11,0.01,oes32,2.96298,0,3969,3535,2,2,5,0.285714,1.0,0.444444,9,1.414427,0.009826,0.038101
MSL,P-11,0.01,maxabs,3.941,0,3969,3535,2,2,4,0.333333,1.0,0.5,9,1.131542,0.009574,0.06199
MSL,P-11,0.01,zscore,2.97755,0,3969,3535,2,2,34,0.055556,1.0,0.105263,2,9.618105,0.009826,0.016934
MSL,P-11,0.01,ewma,7.46763,0,3969,3535,2,2,10,0.166667,1.0,0.285714,8,2.828854,0.009826,0.011491
MSL,P-11,0.01,cusum,152.604,0,3969,3535,2,2,2,0.5,1.0,0.666667,36,0.565771,0.009826,0.255519
MSL,P-11,0.001,oes32,3.40374,0,3969,3535,2,2,1,0.666667,1.0,0.8,10,0.282885,0.000756,0.012096
MSL,P-11,0.001,maxabs,4.69744,0,3969,3535,2,2,1,0.666667,1.0,0.8,10,0.282885,0.0,0.009979
MSL,P-11,0.001,zscore,3.83692,0,3969,3535,2,2,10,0.166667,1.0,0.285714,9,2.828854,0.000756,0.004233
MSL,P-11,0.001,ewma,8.38838,0,3969,3535,2,2,5,0.285714,1.0,0.444444,9,1.414427,0.000756,0.005443
MSL,P-11,0.001,cusum,174.426,0,3969,3535,2,2,2,0.5,1.0,0.666667,40,0.565771,0.000756,0.205322
MSL,P-11,0.0,oes32,3.40578,0,3969,3535,2,2,1,0.666667,1.0,0.8,10,0.282885,0.0,0.012096
MSL,P-11,0.0,maxabs,4.69744,0,3969,3535,2,2,1,0.666667,1.0,0.8,10,0.282885,0.0,0.009979
MSL,P-11,0.0,zscore,4.69744,0,3969,3535,2,2,1,0.666667,1.0,0.8,10,0.282885,0.0,0.000302
MSL,P-11,0.0,ewma,8.62067,0,3969,3535,2,2,4,0.333333,1.0,0.5,9,1.131542,0.0,0.003931
MSL,P-11,0.0,cusum,174.766,0,3969,3535,2,2,2,0.5,1.0,0.666667,40,0.565771,0.0,0.204717
MSL,P-14,0.01,oes32,3.45866,0,2880,6100,1,1,0,1.0,1.0,1.0,0,0.0,0.009722,1.0
MSL,P-14,0.01,maxabs,6.22808,0,2880,6100,1,1,0,1.0,1.0,1.0,0,0.0,0.0,1.0
MSL,P-14,0.01,zscore,2.612,0,2880,6100,1,1,0,1.0,1.0,1.0,0,0.0,0.007986,1.0
MSL,P-14,0.01,ewma,2.87382,0,2880,6100,1,1,0,1.0,1.0,1.0,0,0.0,0.009722,1.0
MSL,P-14,0.01,cusum,6.57071,0,2880,6100,1,1,0,1.0,1.0,1.0,0,0.0,0.009722,1.0
MSL,P-14,0.001,oes32,3.51662,0,2880,6100,1,1,0,1.0,1.0,1.0,0,0.0,0.000694,1.0
MSL,P-14,0.001,maxabs,6.22808,0,2880,6100,1,1,0,1.0,1.0,1.0,0,0.0,0.0,1.0
MSL,P-14,0.001,zscore,4.62015,0,2880,6100,1,1,0,1.0,1.0,1.0,0,0.0,0.000694,1.0
MSL,P-14,0.001,ewma,3.63145,0,2880,6100,1,1,0,1.0,1.0,1.0,0,0.0,0.000694,1.0
MSL,P-14,0.001,cusum,11.1609,0,2880,6100,1,1,0,1.0,1.0,1.0,0,0.0,0.000694,1.0
MSL,P-14,0.0,oes32,3.52107,0,2880,6100,1,1,0,1.0,1.0,1.0,0,0.0,0.0,1.0
MSL,P-14,0.0,maxabs,6.22808,0,2880,6100,1,1,0,1.0,1.0,1.0,0,0.0,0.0,1.0
MSL,P-14,0.0,zscore,6.22808,0,2880,6100,1,1,1,0.5,1.0,0.666667,0,0.163934,0.0,0.999831
MSL,P-14,0.0,ewma,3.91441,0,2880,6100,1,1,0,1.0,1.0,1.0,0,0.0,0.0,1.0
MSL,P-14,0.0,cusum,11.2388,0,2880,6100,1,1,0,1.0,1.0,1.0,0,0.0,0.0,1.0
MSL,P-15,0.01,oes32,2.24853,0,3682,2856,1,1,5,0.166667,1.0,0.285714,7,1.7507,0.009777,0.783069
MSL,P-15,0.01,maxabs,2.42939,0,3682,2856,1,1,5,0.166667,1.0,0.285714,7,1.7507,0.008963,0.804233
MSL,P-15,0.01,zscore,2.09173,0,3682,2856,1,1,21,0.045455,1.0,0.086957,7,7.352941,0.009234,0.74709
MSL,P-15,0.01,ewma,6.22087,0,3682,2856,1,1,8,0.111111,1.0,0.2,7,2.80112,0.009777,0.749912
MSL,P-15,0.01,cusum,426.272,0,3682,2856,1,1,0,1.0,1.0,1.0,0,0.0,0.009777,0.846914
MSL,P-15,0.001,oes32,3.8624,0,3682,2856,1,1,3,0.25,1.0,0.4,7,1.05042,0.000815,0.52522
MSL,P-15,0.001,maxabs,5.9363,0,3682,2856,1,1,0,1.0,1.0,1.0,7,0.0,0.0,0.5097
MSL,P-15,0.001,zscore,2.41975,0,3682,2856,1,1,23,0.041667,1.0,0.08,7,8.053221,0.000815,0.722399
MSL,P-15,0.001,ewma,7.60958,0,3682,2856,1,1,5,0.166667,1.0,0.285714,7,1.7507,0.000815,0.704056
MSL,P-15,0.001,cusum,449.333,0,3682,2856,1,1,0,1.0,1.0,1.0,0,0.0,0.000815,0.844092
MSL,P-15,0.0,oes32,3.86563,0,3682,2856,1,1,3,0.25,1.0,0.4,7,1.05042,0.0,0.524515
MSL,P-15,0.0,maxabs,5.9363,0,3682,2856,1,1,0,1.0,1.0,1.0,7,0.0,0.0,0.5097
MSL,P-15,0.0,zscore,5.9363,0,3682,2856,1,1,0,1.0,1.0,1.0,7,0.0,0.0,0.5097
MSL,P-15,0.0,ewma,8.85678,0,3682,2856,1,1,6,0.142857,1.0,0.25,7,2.10084,0.0,0.67478
MSL,P-15,0.0,cusum,451.445,0,3682,2856,1,1,0,1.0,1.0,1.0,0,0.0,0.0,0.843739
MSL,S-2,0.01,oes32,4.94066e-324,1,926,1827,1,1,0,1.0,1.0,1.0,5,0.0,0.0,0.015419
MSL,S-2,0.01,maxabs,4.94066e-324,1,926,1827,1,1,0,1.0,1.0,1.0,5,0.0,0.0,0.015419
MSL,S-2,0.01,zscore,4.94066e-324,1,926,1827,1,1,0,1.0,1.0,1.0,5,0.0,0.0,0.0
MSL,S-2,0.01,ewma,4.94066e-324,1,926,1827,1,1,0,1.0,1.0,1.0,5,0.0,0.0,0.504405
MSL,S-2,0.01,cusum,4.94066e-324,1,926,1827,1,1,0,1.0,1.0,1.0,5,0.0,0.0,0.504405
MSL,S-2,0.001,oes32,4.94066e-324,1,926,1827,1,1,0,1.0,1.0,1.0,5,0.0,0.0,0.015419
MSL,S-2,0.001,maxabs,4.94066e-324,1,926,1827,1,1,0,1.0,1.0,1.0,5,0.0,0.0,0.015419
MSL,S-2,0.001,zscore,4.94066e-324,1,926,1827,1,1,0,1.0,1.0,1.0,5,0.0,0.0,0.0
MSL,S-2,0.001,ewma,4.94066e-324,1,926,1827,1,1,0,1.0,1.0,1.0,5,0.0,0.0,0.504405
MSL,S-2,0.001,cusum,4.94066e-324,1,926,1827,1,1,0,1.0,1.0,1.0,5,0.0,0.0,0.504405
MSL,S-2,0.0,oes32,4.94066e-324,1,926,1827,1,1,0,1.0,1.0,1.0,5,0.0,0.0,0.015419
MSL,S-2,0.0,maxabs,4.94066e-324,1,926,1827,1,1,0,1.0,1.0,1.0,5,0.0,0.0,0.015419
MSL,S-2,0.0,zscore,4.94066e-324,1,926,1827,1,1,0,1.0,1.0,1.0,5,0.0,0.0,0.0
MSL,S-2,0.0,ewma,4.94066e-324,1,926,1827,1,1,0,1.0,1.0,1.0,5,0.0,0.0,0.504405
MSL,S-2,0.0,cusum,4.94066e-324,1,926,1827,1,1,0,1.0,1.0,1.0,5,0.0,0.0,0.504405
MSL,T-12,0.01,oes32,2.34178,0,1145,2430,1,0,1,0.0,0.0,0.0,,0.411523,0.009607,0.004331
MSL,T-12,0.01,maxabs,2.39848,0,1145,2430,1,0,0,0.0,0.0,0.0,,0.0,0.0,0.0
MSL,T-12,0.01,zscore,2.36068,0,1145,2430,1,0,1,0.0,0.0,0.0,,0.411523,0.009607,0.005197
MSL,T-12,0.01,ewma,7.04082,0,1145,2430,1,0,1,0.0,0.0,0.0,,0.411523,0.009607,0.005197
MSL,T-12,0.01,cusum,177.458,0,1145,2430,1,0,1,0.0,0.0,0.0,,0.411523,0.009607,0.01689
MSL,T-12,0.001,oes32,2.36583,0,1145,2430,1,0,1,0.0,0.0,0.0,,0.411523,0.000873,0.000866
MSL,T-12,0.001,maxabs,2.39848,0,1145,2430,1,0,0,0.0,0.0,0.0,,0.0,0.0,0.0
MSL,T-12,0.001,zscore,2.39504,0,1145,2430,1,0,1,0.0,0.0,0.0,,0.411523,0.000873,0.000866
MSL,T-12,0.001,ewma,7.1439,0,1145,2430,1,0,1,0.0,0.0,0.0,,0.411523,0.000873,0.000866
MSL,T-12,0.001,cusum,177.513,0,1145,2430,1,0,1,0.0,0.0,0.0,,0.411523,0.000873,0.01689
MSL,T-12,0.0,oes32,2.36926,0,1145,2430,1,0,1,0.0,0.0,0.0,,0.411523,0.0,0.000433
MSL,T-12,0.0,maxabs,2.39848,0,1145,2430,1,0,0,0.0,0.0,0.0,,0.0,0.0,0.0
MSL,T-12,0.0,zscore,2.39848,0,1145,2430,1,0,0,0.0,0.0,0.0,,0.0,0.0,0.0
MSL,T-12,0.0,ewma,7.15421,0,1145,2430,1,0,1,0.0,0.0,0.0,,0.411523,0.0,0.000433
MSL,T-12,0.0,cusum,177.514,0,1145,2430,1,0,1,0.0,0.0,0.0,,0.411523,0.0,0.01689
MSL,T-13,0.01,oes32,1.98663,0,1145,2430,2,0,1,0.0,0.0,0.0,,0.411523,0.009607,0.015152
MSL,T-13,0.01,maxabs,1.99113,0,1145,2430,2,0,0,0.0,0.0,0.0,,0.0,0.0,0.0
MSL,T-13,0.01,zscore,1.97478,0,1145,2430,2,0,1,0.0,0.0,0.0,,0.411523,0.009607,0.016988
MSL,T-13,0.01,ewma,5.84674,0,1145,2430,2,0,1,0.0,0.0,0.0,,0.411523,0.009607,0.027548
MSL,T-13,0.01,cusum,301.458,0,1145,2430,2,1,1,0.5,0.5,0.5,0,0.411523,0.009607,0.724518
MSL,T-13,0.001,oes32,1.99072,0,1145,2430,2,0,1,0.0,0.0,0.0,,0.411523,0.000873,0.001837
MSL,T-13,0.001,maxabs,1.99113,0,1145,2430,2,0,0,0.0,0.0,0.0,,0.0,0.0,0.0
MSL,T-13,0.001,zscore,1.98964,0,1145,2430,2,0,1,0.0,0.0,0.0,,0.411523,0.000873,0.001837
MSL,T-13,0.001,ewma,5.86156,0,1145,2430,2,0,1,0.0,0.0,0.0,,0.411523,0.000873,0.027089
MSL,T-13,0.001,cusum,301.481,0,1145,2430,2,1,1,0.5,0.5,0.5,0,0.411523,0.000873,0.724518
MSL,T-13,0.0,oes32,1.99113,0,1145,2430,2,0,0,0.0,0.0,0.0,,0.0,0.0,0.0
MSL,T-13,0.0,maxabs,1.99113,0,1145,2430,2,0,0,0.0,0.0,0.0,,0.0,0.0,0.0
MSL,T-13,0.0,zscore,1.99113,0,1145,2430,2,0,0,0.0,0.0,0.0,,0.0,0.0,0.0
MSL,T-13,0.0,ewma,5.86163,0,1145,2430,2,0,1,0.0,0.0,0.0,,0.411523,0.0,0.027089
MSL,T-13,0.0,cusum,301.481,0,1145,2430,2,1,1,0.5,0.5,0.5,0,0.411523,0.0,0.724518
MSL,T-4,0.01,oes32,1.04388,0,2272,2217,1,1,0,1.0,1.0,1.0,40,0.0,0.0,0.002793
MSL,T-4,0.01,maxabs,1.04388,0,2272,2217,1,1,0,1.0,1.0,1.0,40,0.0,0.0,0.002793
MSL,T-4,0.01,zscore,1.04388,0,2272,2217,1,1,0,1.0,1.0,1.0,40,0.0,0.0,0.0
MSL,T-4,0.01,ewma,3.13162,0,2272,2217,1,1,0,1.0,1.0,1.0,40,0.0,0.009683,0.0
MSL,T-4,0.01,cusum,44.0539,0,2272,2217,1,0,0,0.0,0.0,0.0,,0.0,0.009683,0.0
MSL,T-4,0.001,oes32,1.04388,0,2272,2217,1,1,0,1.0,1.0,1.0,40,0.0,0.0,0.002793
MSL,T-4,0.001,maxabs,1.04388,0,2272,2217,1,1,0,1.0,1.0,1.0,40,0.0,0.0,0.002793
MSL,T-4,0.001,zscore,1.04388,0,2272,2217,1,1,0,1.0,1.0,1.0,40,0.0,0.0,0.0
MSL,T-4,0.001,ewma,3.13163,0,2272,2217,1,1,0,1.0,1.0,1.0,40,0.0,0.00088,0.0
MSL,T-4,0.001,cusum,51.2984,0,2272,2217,1,0,0,0.0,0.0,0.0,,0.0,0.00088,0.0
MSL,T-4,0.0,oes32,1.04388,0,2272,2217,1,1,0,1.0,1.0,1.0,40,0.0,0.0,0.002793
MSL,T-4,0.0,maxabs,1.04388,0,2272,2217,1,1,0,1.0,1.0,1.0,40,0.0,0.0,0.002793
MSL,T-4,0.0,zscore,1.04388,0,2272,2217,1,1,0,1.0,1.0,1.0,40,0.0,0.0,0.0
MSL,T-4,0.0,ewma,3.13163,0,2272,2217,1,1,0,1.0,1.0,1.0,40,0.0,0.0,0.0
MSL,T-4,0.0,cusum,52.3862,0,2272,2217,1,0,0,0.0,0.0,0.0,,0.0,0.0,0.0
MSL,T-5,0.01,oes32,4.94066e-324,1,2272,2218,1,1,0,1.0,1.0,1.0,12,0.0,0.0,0.010036
MSL,T-5,0.01,maxabs,4.94066e-324,1,2272,2218,1,1,0,1.0,1.0,1.0,12,0.0,0.0,0.010036
MSL,T-5,0.01,zscore,4.94066e-324,1,2272,2218,1,1,0,1.0,1.0,1.0,12,0.0,0.0,0.0
MSL,T-5,0.01,ewma,4.94066e-324,1,2272,2218,1,1,0,1.0,1.0,1.0,12,0.0,0.0,0.452555
MSL,T-5,0.01,cusum,4.94066e-324,1,2272,2218,1,1,0,1.0,1.0,1.0,12,0.0,0.0,0.452555
MSL,T-5,0.001,oes32,4.94066e-324,1,2272,2218,1,1,0,1.0,1.0,1.0,12,0.0,0.0,0.010036
MSL,T-5,0.001,maxabs,4.94066e-324,1,2272,2218,1,1,0,1.0,1.0,1.0,12,0.0,0.0,0.010036
MSL,T-5,0.001,zscore,4.94066e-324,1,2272,2218,1,1,0,1.0,1.0,1.0,12,0.0,0.0,0.0
MSL,T-5,0.001,ewma,4.94066e-324,1,2272,2218,1,1,0,1.0,1.0,1.0,12,0.0,0.0,0.452555
MSL,T-5,0.001,cusum,4.94066e-324,1,2272,2218,1,1,0,1.0,1.0,1.0,12,0.0,0.0,0.452555
MSL,T-5,0.0,oes32,4.94066e-324,1,2272,2218,1,1,0,1.0,1.0,1.0,12,0.0,0.0,0.010036
MSL,T-5,0.0,maxabs,4.94066e-324,1,2272,2218,1,1,0,1.0,1.0,1.0,12,0.0,0.0,0.010036
MSL,T-5,0.0,zscore,4.94066e-324,1,2272,2218,1,1,0,1.0,1.0,1.0,12,0.0,0.0,0.0
MSL,T-5,0.0,ewma,4.94066e-324,1,2272,2218,1,1,0,1.0,1.0,1.0,12,0.0,0.0,0.452555
MSL,T-5,0.0,cusum,4.94066e-324,1,2272,2218,1,1,0,1.0,1.0,1.0,12,0.0,0.0,0.452555
MSL,T-8,0.01,oes32,5.59,0,748,1519,2,2,5,0.285714,1.0,0.444444,16,3.291639,0.009358,0.070572
MSL,T-8,0.01,maxabs,10.7512,0,748,1519,2,0,0,0.0,0.0,0.0,,0.0,0.0,0.0
MSL,T-8,0.01,zscore,0.0967539,0,748,1519,2,2,19,0.095238,1.0,0.173913,5,12.508229,0.009358,0.013409
MSL,T-8,0.01,ewma,4.87048,0,748,1519,2,2,15,0.117647,1.0,0.210526,5,9.874918,0.009358,0.015526
MSL,T-8,0.01,cusum,9.54961,0,748,1519,2,2,14,0.125,1.0,0.222222,5,9.21659,0.009358,0.05434
MSL,T-8,0.001,oes32,5.92143,0,748,1519,2,1,1,0.5,0.5,0.5,27,0.658328,0.0,0.015526
MSL,T-8,0.001,maxabs,10.7512,0,748,1519,2,0,0,0.0,0.0,0.0,,0.0,0.0,0.0
MSL,T-8,0.001,zscore,10.7512,0,748,1519,2,0,0,0.0,0.0,0.0,,0.0,0.0,0.0
MSL,T-8,0.001,ewma,6.24261,0,748,1519,2,2,5,0.285714,1.0,0.444444,16,3.291639,0.0,0.00494
MSL,T-8,0.001,cusum,10.2512,0,748,1519,2,1,4,0.2,0.5,0.285714,16,2.633311,0.0,0.04446
MSL,T-8,0.0,oes32,5.92143,0,748,1519,2,1,1,0.5,0.5,0.5,27,0.658328,0.0,0.015526
MSL,T-8,0.0,maxabs,10.7512,0,748,1519,2,0,0,0.0,0.0,0.0,,0.0,0.0,0.0
MSL,T-8,0.0,zscore,10.7512,0,748,1519,2,0,0,0.0,0.0,0.0,,0.0,0.0,0.0
MSL,T-8,0.0,ewma,6.24261,0,748,1519,2,2,5,0.285714,1.0,0.444444,16,3.291639,0.0,0.00494
MSL,T-8,0.0,cusum,10.2512,0,748,1519,2,1,4,0.2,0.5,0.285714,16,2.633311,0.0,0.04446
MSL,T-9,0.01,oes32,4.73271,0,439,1096,2,1,0,1.0,0.5,0.666667,22,0.0,0.009112,0.0
MSL,T-9,0.01,maxabs,6.2888,0,439,1096,2,0,0,0.0,0.0,0.0,,0.0,0.0,0.0
MSL,T-9,0.01,zscore,2.9943,0,439,1096,2,2,3,0.4,1.0,0.571429,9,2.737226,0.004556,0.091463
MSL,T-9,0.01,ewma,8.91645,0,439,1096,2,1,1,0.5,0.5,0.5,0,0.912409,0.009112,0.083333
MSL,T-9,0.01,cusum,82.7806,0,439,1096,2,2,0,1.0,1.0,1.0,0,0.0,0.009112,0.936992
MSL,T-9,0.001,oes32,4.91986,0,439,1096,2,0,0,0.0,0.0,0.0,,0.0,0.0,0.0
MSL,T-9,0.001,maxabs,6.2888,0,439,1096,2,0,0,0.0,0.0,0.0,,0.0,0.0,0.0
MSL,T-9,0.001,zscore,6.2888,0,439,1096,2,0,0,0.0,0.0,0.0,,0.0,0.0,0.0
MSL,T-9,0.001,ewma,8.95568,0,439,1096,2,1,1,0.5,0.5,0.5,0,0.912409,0.0,0.081301
MSL,T-9,0.001,cusum,84.8999,0,439,1096,2,2,0,1.0,1.0,1.0,0,0.0,0.0,0.934959
MSL,T-9,0.0,oes32,4.91986,0,439,1096,2,0,0,0.0,0.0,0.0,,0.0,0.0,0.0
MSL,T-9,0.0,maxabs,6.2888,0,439,1096,2,0,0,0.0,0.0,0.0,,0.0,0.0,0.0
MSL,T-9,0.0,zscore,6.2888,0,439,1096,2,0,0,0.0,0.0,0.0,,0.0,0.0,0.0
MSL,T-9,0.0,ewma,8.95568,0,439,1096,2,1,1,0.5,0.5,0.5,0,0.912409,0.0,0.081301
MSL,T-9,0.0,cusum,84.8999,0,439,1096,2,2,0,1.0,1.0,1.0,0,0.0,0.0,0.934959
