subset,target_fp,dataset,candidate,baseline,channels,candidate_event_f1,baseline_event_f1,delta_event_f1,delta_ci_low,delta_ci_high,paired_bootstrap_p,mean_channel_f1_delta,wilcoxon_n_nonzero,wilcoxon_w_plus,wilcoxon_p,wilcoxon_p_holm,wilcoxon_method,verdict
all_channels,0.01,SMAP,oes32,maxabs,54,0.378601,0.47541,-0.096809,-0.242713,0.038642,0.1804,0.102162,21,173.0,0.047135,0.329945,normal approximation,no significant difference
all_channels,0.01,SMAP,oes32,zscore,54,0.378601,0.060887,0.317714,0.200296,0.447927,0.0,0.041405,21,156.0,0.164404,0.928614,normal approximation,no significant difference
all_channels,0.01,SMAP,oes32,ewma,54,0.378601,0.086957,0.291644,0.192098,0.425666,0.0,0.109506,22,219.5,0.002671,0.021368,normal approximation,oes32 better
all_channels,0.01,SMAP,oes32,cusum,54,0.378601,0.169252,0.209349,0.113143,0.325648,0.0,-0.00766,28,208.0,0.918277,1.0,normal approximation,no significant difference
all_channels,0.01,MSL,oes32,maxabs,27,0.434783,0.5,-0.065217,-0.163052,0.042137,0.2522,0.035088,9,29.0,0.47681,1.0,normal approximation,no significant difference
all_channels,0.01,MSL,oes32,zscore,27,0.434783,0.248756,0.186027,0.039972,0.318276,0.017,0.044188,13,63.0,0.234668,0.938672,normal approximation,no significant difference
all_channels,0.01,MSL,oes32,ewma,27,0.434783,0.223176,0.211607,0.0608,0.36837,0.002,0.030068,9,35.0,0.154769,0.928614,normal approximation,no significant difference
all_channels,0.01,MSL,oes32,cusum,27,0.434783,0.514286,-0.079503,-0.224497,0.063691,0.2992,-0.066096,12,27.0,0.365877,1.0,normal approximation,no significant difference
all_channels,0.001,SMAP,oes32,maxabs,54,0.428571,0.46281,-0.034239,-0.135295,0.085289,0.5856,0.092126,15,94.5,0.052273,0.418184,normal approximation,no significant difference
all_channels,0.001,SMAP,oes32,zscore,54,0.428571,0.197101,0.23147,-0.054032,0.320687,0.1818,0.026944,19,108.0,0.611793,1.0,normal approximation,no significant difference
all_channels,0.001,SMAP,oes32,ewma,54,0.428571,0.172211,0.25636,0.141962,0.390991,0.0,0.047128,16,98.0,0.12973,0.77838,exact,no significant difference
all_channels,0.001,SMAP,oes32,cusum,54,0.428571,0.285,0.143571,-0.028378,0.284604,0.0996,-0.091469,30,167.0,0.180583,0.902915,normal approximation,no significant difference
all_channels,0.001,MSL,oes32,maxabs,27,0.528736,0.5625,-0.033764,-0.140985,0.0786,0.5524,0.013492,8,19.0,0.943907,1.0,normal approximation,no significant difference
all_channels,0.001,MSL,oes32,zscore,27,0.528736,0.292683,0.236053,0.021402,0.37532,0.029,0.110705,11,52.0,0.09933,0.69531,normal approximation,no significant difference
all_channels,0.001,MSL,oes32,ewma,27,0.528736,0.387597,0.141139,0.000835,0.270592,0.049,0.035196,10,37.0,0.358326,1.0,normal approximation,no significant difference
all_channels,0.001,MSL,oes32,cusum,27,0.528736,0.541667,-0.012931,-0.142594,0.09,0.8308,-0.055115,12,31.0,0.555537,1.0,normal approximation,no significant difference
all_channels,0.0,SMAP,oes32,maxabs,54,0.448276,0.466667,-0.018391,-0.117476,0.099736,0.7878,0.093664,15,95.0,0.048951,0.342657,normal approximation,no significant difference
all_channels,0.0,SMAP,oes32,zscore,54,0.448276,0.440945,0.007331,-0.101917,0.113947,0.8582,0.097218,16,108.5,0.037797,0.302376,normal approximation,no significant difference
all_channels,0.0,SMAP,oes32,ewma,54,0.448276,0.197248,0.251028,0.120646,0.384882,0.0008,0.04163,15,85.5,0.155552,0.924114,normal approximation,no significant difference
all_channels,0.0,SMAP,oes32,cusum,54,0.448276,0.290155,0.158121,-0.014081,0.298704,0.0704,-0.099813,28,140.0,0.154019,0.924114,normal approximation,no significant difference
all_channels,0.0,MSL,oes32,maxabs,27,0.541176,0.5625,-0.021324,-0.131355,0.092569,0.7022,0.009003,8,18.0,1.0,1.0,normal approximation,no significant difference
all_channels,0.0,MSL,oes32,zscore,27,0.541176,0.404494,0.136682,-0.093248,0.329258,0.3928,0.053094,10,34.0,0.539763,1.0,normal approximation,no significant difference
all_channels,0.0,MSL,oes32,ewma,27,0.541176,0.490196,0.05098,-0.037767,0.144462,0.2862,0.009826,9,26.0,0.722049,1.0,normal approximation,no significant difference
all_channels,0.0,MSL,oes32,cusum,27,0.541176,0.525253,0.015923,-0.121647,0.128322,0.812,-0.047258,13,39.0,0.674236,1.0,normal approximation,no significant difference
excluding_constant_train,0.01,SMAP,oes32,maxabs,45,0.316742,0.36,-0.043258,-0.190328,0.090747,0.5724,0.122594,21,173.0,0.047135,0.329945,normal approximation,no significant difference
excluding_constant_train,0.01,SMAP,oes32,zscore,45,0.316742,0.047011,0.269731,0.16575,0.392324,0.0,0.049686,21,156.0,0.164404,0.928614,normal approximation,no significant difference
excluding_constant_train,0.01,SMAP,oes32,ewma,45,0.316742,0.070175,0.246567,0.157123,0.373383,0.0,0.131407,22,219.5,0.002671,0.021368,normal approximation,oes32 better
excluding_constant_train,0.01,SMAP,oes32,cusum,45,0.316742,0.142649,0.174093,0.08448,0.289993,0.0002,-0.009193,28,208.0,0.918277,1.0,normal approximation,no significant difference
excluding_constant_train,0.01,MSL,oes32,maxabs,22,0.356436,0.37931,-0.022874,-0.138192,0.103899,0.7504,0.043063,9,29.0,0.47681,1.0,normal approximation,no significant difference
excluding_constant_train,0.01,MSL,oes32,zscore,22,0.356436,0.220859,0.135577,0.000608,0.237551,0.0498,0.01527,12,52.0,0.326613,1.0,normal approximation,no significant difference
excluding_constant_train,0.01,MSL,oes32,ewma,22,0.356436,0.173516,0.18292,0.05103,0.318316,0.0044,0.036902,9,35.0,0.154769,0.928614,normal approximation,no significant difference
excluding_constant_train,0.01,MSL,oes32,cusum,22,0.356436,0.43956,-0.083124,-0.231939,0.061752,0.268,-0.081117,12,27.0,0.365877,1.0,normal approximation,no significant difference
excluding_constant_train,0.001,SMAP,oes32,maxabs,45,0.35,0.343434,0.006566,-0.101396,0.138771,0.8762,0.110551,15,94.5,0.052273,0.418184,normal approximation,no significant difference
excluding_constant_train,0.001,SMAP,oes32,zscore,45,0.35,0.142415,0.207585,-0.043339,0.294918,0.1596,0.032333,19,108.0,0.611793,1.0,normal approximation,no significant difference
excluding_constant_train,0.001,SMAP,oes32,ewma,45,0.35,0.134969,0.215031,0.107914,0.357628,0.0002,0.056554,16,98.0,0.12973,0.90811,exact,no significant difference
excluding_constant_train,0.001,SMAP,oes32,cusum,45,0.35,0.243386,0.106614,-0.058739,0.247052,0.1998,-0.109763,30,167.0,0.180583,0.915042,normal approximation,no significant difference
excluding_constant_train,0.001,MSL,oes32,maxabs,22,0.438356,0.44,-0.001644,-0.147406,0.14738,0.9746,0.016558,8,19.0,0.943907,1.0,normal approximation,no significant difference
excluding_constant_train,0.001,MSL,oes32,zscore,22,0.438356,0.258824,0.179532,-0.006827,0.296715,0.0626,0.096905,10,42.0,0.152507,0.915042,normal approximation,no significant difference
excluding_constant_train,0.001,MSL,oes32,ewma,22,0.438356,0.313043,0.125313,-0.011472,0.254026,0.075,0.043195,10,37.0,0.358326,1.0,normal approximation,no significant difference
excluding_constant_train,0.001,MSL,oes32,cusum,22,0.438356,0.463415,-0.025059,-0.176688,0.094833,0.7054,-0.067641,12,31.0,0.555537,1.0,normal approximation,no significant difference
excluding_constant_train,0.0,SMAP,oes32,maxabs,45,0.368421,0.346939,0.021482,-0.085414,0.154962,0.6868,0.112396,15,95.0,0.048951,0.342657,normal approximation,no significant difference
excluding_constant_train,0.0,SMAP,oes32,zscore,45,0.368421,0.32381,0.044611,-0.068949,0.163768,0.4328,0.116661,16,108.5,0.037797,0.302376,normal approximation,no significant difference
excluding_constant_train,0.0,SMAP,oes32,ewma,45,0.368421,0.154589,0.213832,0.091765,0.352821,0.0018,0.049957,15,85.5,0.155552,0.924114,normal approximation,no significant difference
excluding_constant_train,0.0,SMAP,oes32,cusum,45,0.368421,0.247253,0.121168,-0.046214,0.258761,0.1486,-0.119775,28,140.0,0.154019,0.924114,normal approximation,no significant difference
excluding_constant_train,0.0,MSL,oes32,maxabs,22,0.450704,0.44,0.010704,-0.136322,0.16403,0.9184,0.011049,8,18.0,1.0,1.0,normal approximation,no significant difference
excluding_constant_train,0.0,MSL,oes32,zscore,22,0.450704,0.431373,0.019331,-0.125663,0.168109,0.8108,0.0262,9,25.0,0.812055,1.0,normal approximation,no significant difference
excluding_constant_train,0.0,MSL,oes32,ewma,22,0.450704,0.409091,0.041613,-0.045657,0.137733,0.4004,0.012059,9,26.0,0.722049,1.0,normal approximation,no significant difference
excluding_constant_train,0.0,MSL,oes32,cusum,22,0.450704,0.447059,0.003645,-0.155512,0.132397,0.9742,-0.057999,13,39.0,0.674236,1.0,normal approximation,no significant difference
