subset,target_fp,dataset,method,channels,events,tp_events,fp_runs,n_test,event_precision,event_recall,event_f1,event_f1_ci_low,event_f1_ci_high,pa_precision,pa_recall,pa_f1,latency_mean,latency_median,false_alarms_per_1k,test_normal_alarm_rate,train_alarm_rate_mean,mean_channel_event_f1,recall_point,recall_contextual
all_channels,0.01,SMAP,oes32,54,68,46,129,435826,0.262857,0.676471,0.378601,0.273556,0.522167,0.495169,0.692168,0.577325,142.369565,29.0,0.29599,0.103982,0.006199,0.545469,0.833333,0.423077
all_channels,0.01,SMAP,maxabs,54,68,29,25,435826,0.537037,0.426471,0.47541,0.328767,0.645841,0.435756,0.509934,0.469935,108.482759,22.0,0.057362,0.097295,0.000169,0.443307,0.690476,0.0
all_channels,0.01,SMAP,zscore,54,68,46,1397,435826,0.031878,0.676471,0.060887,0.032237,0.155983,0.502151,0.711123,0.588641,87.043478,27.0,3.205408,0.103887,0.004218,0.504065,0.904762,0.307692
all_channels,0.01,SMAP,ewma,54,68,53,1098,435826,0.046047,0.779412,0.086957,0.060642,0.131869,0.443883,0.789198,0.568189,87.867925,22.0,2.519354,0.145693,0.007222,0.435964,0.880952,0.615385
all_channels,0.01,SMAP,cusum,54,68,60,581,435826,0.093604,0.882353,0.169252,0.122105,0.256413,0.280373,0.963589,0.434361,98.1,23.0,1.333101,0.364432,0.007483,0.55313,0.904762,0.846154
all_channels,0.01,MSL,oes32,27,36,25,54,73729,0.316456,0.694444,0.434783,0.333291,0.575758,0.236819,0.523435,0.3261,32.52,17.0,0.732412,0.198596,0.007203,0.494524,0.842105,0.529412
all_channels,0.01,MSL,maxabs,27,36,18,18,73729,0.5,0.5,0.5,0.350868,0.657143,0.188054,0.382694,0.252185,19.611111,13.5,0.244137,0.194533,0.000962,0.459436,0.789474,0.176471
all_channels,0.01,MSL,zscore,27,36,25,140,73729,0.151515,0.694444,0.248756,0.177911,0.389381,0.272187,0.595545,0.373617,29.92,12.0,1.898846,0.187484,0.006078,0.450336,0.894737,0.470588
all_channels,0.01,MSL,ewma,27,36,26,171,73729,0.13198,0.722222,0.223176,0.126982,0.423358,0.231301,0.607262,0.335003,31.307692,10.0,2.319304,0.237603,0.007912,0.464456,0.842105,0.588235
all_channels,0.01,MSL,cusum,27,36,27,42,73729,0.391304,0.75,0.514286,0.387097,0.681319,0.163208,0.67847,0.263121,23.962963,4.0,0.569654,0.409548,0.007912,0.560619,0.842105,0.647059
all_channels,0.001,SMAP,oes32,54,68,39,75,435826,0.342105,0.573529,0.428571,0.295452,0.611111,0.48747,0.649217,0.556836,169.153846,27.0,0.172087,0.100581,0.000395,0.516915,0.761905,0.269231
all_channels,0.001,SMAP,maxabs,54,68,28,25,435826,0.528302,0.411765,0.46281,0.317754,0.631579,0.435595,0.509201,0.469531,112.107143,27.5,0.057362,0.097219,6e-06,0.424789,0.666667,0.0
all_channels,0.001,SMAP,zscore,54,68,34,243,435826,0.122744,0.5,0.197101,0.083067,0.559017,0.478324,0.601033,0.532703,170.529412,43.5,0.557562,0.09659,0.000244,0.489971,0.761905,0.076923
all_channels,0.001,SMAP,ewma,54,68,44,399,435826,0.099323,0.647059,0.172211,0.104513,0.334385,0.426306,0.68352,0.525107,117.25,23.5,0.915503,0.135539,0.000502,0.469787,0.809524,0.384615
all_channels,0.001,SMAP,cusum,54,68,57,275,435826,0.171687,0.838235,0.285,0.180297,0.488007,0.278616,0.942293,0.430069,100.298246,24.0,0.630986,0.359501,0.000449,0.608384,0.880952,0.769231
all_channels,0.001,MSL,oes32,27,36,23,28,73729,0.45098,0.638889,0.528736,0.4,0.659091,0.247785,0.507726,0.333038,35.652174,27.0,0.379769,0.181465,0.000556,0.510494,0.789474,0.470588
all_channels,0.001,MSL,maxabs,27,36,18,10,73729,0.642857,0.5,0.5625,0.38961,0.730159,0.200852,0.382694,0.26344,19.666667,13.5,0.135632,0.179267,0.0,0.497002,0.789474,0.176471
all_channels,0.001,MSL,zscore,27,36,18,69,73729,0.206897,0.5,0.292683,0.190464,0.5,0.200621,0.382694,0.263242,19.611111,13.5,0.93586,0.179525,0.000502,0.399788,0.789474,0.176471
all_channels,0.001,MSL,ewma,27,36,25,68,73729,0.268817,0.694444,0.387597,0.27972,0.55,0.213073,0.523435,0.302861,28.24,16.0,0.922297,0.227597,0.000634,0.475298,0.842105,0.529412
all_channels,0.001,MSL,cusum,27,36,26,34,73729,0.433333,0.722222,0.541667,0.41481,0.691382,0.166333,0.673191,0.266755,26.884615,2.0,0.461148,0.397238,0.000634,0.565608,0.842105,0.588235
all_channels,0.0,SMAP,oes32,54,68,39,67,435826,0.367925,0.573529,0.448276,0.310918,0.631579,0.487758,0.649217,0.557024,169.205128,27.0,0.153731,0.100465,0.0,0.518452,0.761905,0.269231
all_channels,0.0,SMAP,maxabs,54,68,28,24,435826,0.538462,0.411765,0.466667,0.320611,0.634615,0.435602,0.509201,0.469535,112.107143,27.5,0.055068,0.097216,0.0,0.424789,0.666667,0.0
all_channels,0.0,SMAP,zscore,54,68,28,31,435826,0.474576,0.411765,0.440945,0.289655,0.628571,0.440578,0.509201,0.472411,112.107143,27.5,0.071129,0.095271,0.0,0.421235,0.666667,0.0
all_channels,0.0,SMAP,ewma,54,68,43,325,435826,0.116848,0.632353,0.197248,0.115984,0.397025,0.428252,0.681698,0.526039,133.162791,24.0,0.74571,0.134107,0.0,0.476822,0.809524,0.346154
all_channels,0.0,SMAP,cusum,54,68,56,262,435826,0.176101,0.823529,0.290155,0.18123,0.516438,0.278544,0.94047,0.429793,100.428571,24.0,0.601157,0.358935,0.0,0.618265,0.880952,0.730769
all_channels,0.0,MSL,oes32,27,36,23,26,73729,0.469388,0.638889,0.541176,0.415584,0.666667,0.2483,0.507726,0.333502,35.652174,27.0,0.352643,0.180965,0.0,0.506004,0.789474,0.470588
all_channels,0.0,MSL,maxabs,27,36,18,10,73729,0.642857,0.5,0.5625,0.38961,0.730159,0.200852,0.382694,0.26344,19.666667,13.5,0.135632,0.179267,0.0,0.497002,0.789474,0.176471
all_channels,0.0,MSL,zscore,27,36,18,35,73729,0.339623,0.5,0.404494,0.253161,0.645161,0.209532,0.382694,0.270797,19.666667,13.5,0.474711,0.169974,0.0,0.45291,0.789474,0.176471
all_channels,0.0,MSL,ewma,27,36,25,41,73729,0.378788,0.694444,0.490196,0.378378,0.617021,0.214852,0.523435,0.304654,30.0,16.0,0.556091,0.225202,0.0,0.496179,0.842105,0.529412
all_channels,0.0,MSL,cusum,27,36,26,37,73729,0.412698,0.722222,0.525253,0.403101,0.674699,0.166943,0.673191,0.26754,26.961538,2.0,0.501838,0.395494,0.0,0.553263,0.842105,0.588235
excluding_constant_train,0.01,SMAP,oes32,45,57,35,129,365540,0.213415,0.614035,0.316742,0.223727,0.45,0.48385,0.611841,0.54037,161.057143,25.0,0.352903,0.090213,0.007439,0.454563,0.774194,0.423077
excluding_constant_train,0.01,SMAP,maxabs,45,57,18,25,365540,0.418605,0.315789,0.36,0.224996,0.531646,0.390841,0.382054,0.386398,124.111111,14.0,0.068392,0.082304,0.000203,0.331969,0.580645,0.0
excluding_constant_train,0.01,SMAP,zscore,45,57,35,1397,365540,0.024441,0.614035,0.047011,0.025007,0.120834,0.493711,0.635743,0.555796,88.342857,26.0,3.821743,0.09011,0.005062,0.404878,0.870968,0.307692
excluding_constant_train,0.01,SMAP,ewma,45,57,42,1098,365540,0.036842,0.736842,0.070175,0.049398,0.104119,0.50749,0.734191,0.600145,90.97619,23.0,3.003775,0.098483,0.008667,0.323156,0.83871,0.615385
excluding_constant_train,0.01,SMAP,cusum,45,57,49,581,365540,0.077778,0.859649,0.142649,0.103687,0.215311,0.26103,0.954088,0.409911,99.755102,23.0,1.589429,0.373329,0.00898,0.463756,0.870968,0.846154
excluding_constant_train,0.01,MSL,oes32,22,29,18,54,62959,0.25,0.62069,0.356436,0.273973,0.466667,0.248841,0.485186,0.328964,43.166667,31.0,0.857701,0.188793,0.00884,0.379643,0.769231,0.5
excluding_constant_train,0.01,MSL,maxabs,22,29,11,18,62959,0.37931,0.37931,0.37931,0.238095,0.52381,0.189238,0.333148,0.241371,28.818182,30.0,0.2859,0.183988,0.00118,0.33658,0.692308,0.125
excluding_constant_train,0.01,MSL,zscore,22,29,18,116,62959,0.134328,0.62069,0.220859,0.153846,0.350515,0.287072,0.563082,0.380272,39.555556,27.5,1.842469,0.180258,0.007459,0.364373,0.846154,0.4375
excluding_constant_train,0.01,MSL,ewma,22,29,19,171,62959,0.1,0.655172,0.173516,0.098361,0.326923,0.284135,0.575741,0.380493,41.736842,27.0,2.716053,0.186982,0.00971,0.342741,0.769231,0.5625
excluding_constant_train,0.01,MSL,cusum,22,29,20,42,62959,0.322581,0.689655,0.43956,0.32,0.596504,0.177311,0.652664,0.278862,31.3,6.0,0.667101,0.390353,0.00971,0.46076,0.769231,0.625
excluding_constant_train,0.001,SMAP,oes32,45,57,28,75,365540,0.271845,0.491228,0.35,0.230357,0.530621,0.472108,0.557683,0.51134,203.035714,27.0,0.205176,0.08619,0.000474,0.420298,0.677419,0.269231
excluding_constant_train,0.001,SMAP,maxabs,45,57,17,25,365540,0.404762,0.298246,0.343434,0.209674,0.511628,0.390527,0.38113,0.385771,131.0,16.0,0.068392,0.082214,8e-06,0.309747,0.548387,0.0
excluding_constant_train,0.001,SMAP,zscore,45,57,23,243,365540,0.086466,0.403509,0.142415,0.056979,0.458723,0.457398,0.496925,0.476343,212.434783,46.0,0.66477,0.081479,0.000292,0.387965,0.677419,0.076923
excluding_constant_train,0.001,SMAP,ewma,45,57,33,399,365540,0.076389,0.578947,0.134969,0.080419,0.261542,0.489935,0.600937,0.539789,131.0,24.0,1.091536,0.086473,0.000602,0.363744,0.741935,0.384615
excluding_constant_train,0.001,SMAP,cusum,45,57,46,275,365540,0.143302,0.807018,0.243386,0.152481,0.431038,0.258567,0.927234,0.404372,102.586957,24.0,0.752312,0.367497,0.000539,0.530061,0.83871,0.769231
excluding_constant_train,0.001,MSL,oes32,22,29,16,28,62959,0.363636,0.551724,0.438356,0.315789,0.555556,0.26369,0.468215,0.337376,49.0,37.5,0.444734,0.168531,0.000683,0.399242,0.692308,0.4375
excluding_constant_train,0.001,MSL,maxabs,22,29,11,10,62959,0.52381,0.37931,0.44,0.26087,0.619048,0.205597,0.333148,0.254273,28.909091,30.0,0.158834,0.165932,0.0,0.382684,0.692308,0.125
excluding_constant_train,0.001,MSL,zscore,22,29,11,45,62959,0.196429,0.37931,0.258824,0.147651,0.444444,0.200872,0.333148,0.250628,28.818182,30.0,0.714751,0.170845,0.000616,0.302338,0.692308,0.125
excluding_constant_train,0.001,MSL,ewma,22,29,18,68,62959,0.209302,0.62069,0.313043,0.22335,0.434783,0.263126,0.485186,0.341208,38.055556,27.5,1.080068,0.175148,0.000778,0.356047,0.769231,0.5
excluding_constant_train,0.001,MSL,cusum,22,29,19,34,62959,0.358491,0.655172,0.463415,0.338462,0.605263,0.181616,0.646961,0.283615,35.684211,16.0,0.540034,0.375793,0.000778,0.466883,0.769231,0.5625
excluding_constant_train,0.0,SMAP,oes32,45,57,28,67,365540,0.294737,0.491228,0.368421,0.243386,0.551724,0.472505,0.557683,0.511573,203.107143,27.0,0.18329,0.086053,0.0,0.422143,0.677419,0.269231
excluding_constant_train,0.0,SMAP,maxabs,45,57,17,24,365540,0.414634,0.298246,0.346939,0.211379,0.516854,0.390536,0.38113,0.385776,131.0,16.0,0.065656,0.082211,0.0,0.309747,0.548387,0.0
excluding_constant_train,0.0,SMAP,zscore,45,57,17,31,365540,0.354167,0.298246,0.32381,0.190476,0.506024,0.397285,0.38113,0.38904,131.0,16.0,0.084806,0.079919,0.0,0.305481,0.548387,0.0
excluding_constant_train,0.0,SMAP,ewma,45,57,32,325,365540,0.089636,0.561404,0.154589,0.089124,0.31916,0.493922,0.598639,0.541262,152.8125,24.0,0.889096,0.084779,0.0,0.372186,0.741935,0.346154
excluding_constant_train,0.0,SMAP,cusum,45,57,45,262,365540,0.14658,0.789474,0.247253,0.151842,0.455448,0.258441,0.924936,0.403999,102.8,24.0,0.716748,0.366827,0.0,0.541918,0.83871,0.730769
excluding_constant_train,0.0,MSL,oes32,22,29,16,26,62959,0.380952,0.551724,0.450704,0.328767,0.564706,0.264373,0.468215,0.337935,49.0,37.5,0.412967,0.16794,0.0,0.393733,0.692308,0.4375
excluding_constant_train,0.0,MSL,maxabs,22,29,11,10,62959,0.52381,0.37931,0.44,0.26087,0.619048,0.205597,0.333148,0.254273,28.909091,30.0,0.158834,0.165932,0.0,0.382684,0.692308,0.125
excluding_constant_train,0.0,MSL,zscore,22,29,11,11,62959,0.5,0.37931,0.431373,0.25641,0.6,0.212078,0.333148,0.259171,28.909091,30.0,0.174717,0.159548,0.0,0.367532,0.692308,0.125
excluding_constant_train,0.0,MSL,ewma,22,29,18,41,62959,0.305085,0.62069,0.409091,0.305874,0.512821,0.2663,0.485186,0.343866,40.5,30.0,0.651217,0.172315,0.0,0.381674,0.769231,0.5
excluding_constant_train,0.0,MSL,cusum,22,29,19,37,62959,0.339286,0.655172,0.447059,0.329114,0.585366,0.182435,0.646961,0.284613,35.789474,16.0,0.587684,0.373731,0.0,0.451732,0.769231,0.5625
